-- INSTRUMENTISTA  
INSERT INTO TB_INSTRUMENTISTA VALUES('12643161645','CAROLINA','MAGALHÃES',32, DATE '2011-1-20', TP_NT_FONE('984543133'),
(SELECT REF(I) FROM TB_INSTRUMENTISTA I WHERE I.CPF = '66886682253'),'TARDE');
INSERT INTO TB_INSTRUMENTISTA VALUES ('34650650957','LEANDRO','BULHOSA',21, DATE '2018-4-15', TP_NT_FONE('974548133'),
(SELECT REF(I) FROM TB_INSTRUMENTISTA I WHERE I.CPF = '66886682253'),'NOITE');
INSERT INTO TB_INSTRUMENTISTA(CPF,TURNO) VALUES ('66886682253','VIVALDO','JORGE',35, DATE '2005-12-24', TP_NT_FONE('928434544','123454943'),
(SELECT REF(I) FROM TB_INSTRUMENTISTA I WHERE I.CPF = '12643161645'),'NOITE');
INSERT INTO TB_INSTRUMENTISTA VALUES ('94718433825','LEANDRO','ATHAYDE',22, DATE '2015-4-4', TP_NT_FONE('928745544','948542344'),
(SELECT REF(I) FROM TB_INSTRUMENTISTA I WHERE I.CPF = '66886682253'), 'NOITE');
INSERT INTO TB_INSTRUMENTISTA VALUES ('96336510629','ARMANDA','FREITAS',24, DATE '2014-1-25', TP_NT_FONE('882243133'),
(SELECT REF(I) FROM TB_INSTRUMENTISTA I WHERE I.CPF = '66886682253'),'TARDE');

-- PROJETISTA
INSERT INTO TB_PROJETISTA VALUES ('41709757064','NICOLAU','CONDE',44, DATE '2018-3-26', TP_NT_FONE('887654965'),
 (SELECT REF(I) FROM TB_PROJETISTA I WHERE I.CPF = '34546780998'),'PLC','AUTOMACAO','9740718270');
INSERT INTO TB_PROJETISTA VALUES VALUES ('34546780998','FIRMINA','VELOSO',30, DATE '2016-12-10', TP_NT_FONE('928434544','123454943'),
(SELECT REF(I) FROM TB_PROJETISTA I WHERE I.CPF = '41709757064'),'SDCD','ELETRICA','6050055951');
INSERT INTO TB_PROJETISTA  VALUES ('28991470094','XÊNIA','GARRAU',48, DATE '2013-1-24',TP_NT_FONE('758477965'),
(SELECT REF(I) FROM TB_PROJETISTA I WHERE I.CPF = '34546780998'),'REDES','CIVIL','1335327235');
INSERT INTO TB_PROJETISTA VALUES VALUES ('38176643074','POLÍBIO','PITANGUI',28, DATE '2014-2-18',TP_NT_FONE('987567865'),
(SELECT REF(I) FROM TB_PROJETISTA I WHERE I.CPF = '34546780998'),'SISTEMAS','QUIMICA','7805923629');
--SALARIO
INSERT INTO TB_SALARIO VALUES ('66886682253', DATE '2001-11-24',2455.63,'LIBRA',(SELECT REF(I) FROM TB_INSTRUMENTISTA I WHERE I.CPF = '66886682253'));
INSERT INTO TB_SALARIO VALUES ('12643161645', DATE'2009-9-30',3006.17,'DOLLAR', (SELECT REF(I) FROM TB_INSTRUMENTISTA I WHERE I.CPF = '12643161645'));
INSERT INTO TB_SALARIO VALUES ('34650650957', DATE '2018-4-22',189.86,'BOLIVAR', (SELECT REF(I) FROM TB_INSTRUMENTISTA I WHERE I.CPF = '34650650957'));
INSERT INTO TB_SALARIO VALUES ('94718433825', DATE '2001-4-7',294.51,'IENE',(SELECT REF(I) FROM TB_INSTRUMENTISTA I WHERE I.CPF = '94718433825'));
INSERT INTO TB_SALARIO VALUES ('96336510629', DATE '2016-3-5',3238.64,'BOLIVAR', (SELECT REF(I) FROM TB_INSTRUMENTISTA I WHERE I.CPF = '96336510629'));
INSERT INTO TB_SALARIO VALUES ('41709757064', DATE '2014-3-1',2680.01,'REAL',(SELECT REF(I) FROM TB_PROJETISTA I WHERE I.CPF = '41709757064'));
INSERT INTO TB_SALARIO VALUES ('34546780998', DATE'2009-6-7',1880.39,'IENE',(SELECT REF(I) FROM TB_PROJETISTA I WHERE I.CPF = '34546780998'));
INSERT INTO TB_SALARIO VALUES ('28991470094', DATE'2004-5-18',1372.36,'BOLIVAR',(SELECT REF(I) FROM TB_PROJETISTA I WHERE I.CPF = '28991470094'));
INSERT INTO TB_SALARIO VALUES ('38176643074', DATE '2014-3-14',1771.2,'BOLIVAR',(SELECT REF(I) FROM TB_PROJETISTA I WHERE I.CPF = '38176643074'));
--PLANTA_INDUSTRIAL
INSERT INTO TB_PLANTA_INDUSTRIAL VALUES('2100','ALIMENTOS1','RECIFE');
INSERT INTO TB_PLANTA_INDUSTRIAL VALUES('2200','ALIMENTOS2','SALVADOR');
INSERT INTO TB_PLANTA_INDUSTRIAL VALUES('2300','ALIMENTOS3','MACEIO');
INSERT INTO TB_PLANTA_INDUSTRIAL VALUES('2400','ALIMENTOS4','NATAL');
INSERT INTO TB_PLANTA_INDUSTRIAL VALUES('2500','ALIMENTOS5','MARANHAO');
--PROJETOS
INSERT INTO TB_PROJETOS VALUES('7475001','JOAO','PROJETO_1');
INSERT INTO TB_PROJETOS VALUES('7475002','MARIA','PROJETO_2');
INSERT INTO TB_PROJETOS VALUES('7475003','PEDRO','PROJETO_3');
INSERT INTO TB_PROJETOS VALUES('7475004','PAULO','PROJETO_4');
INSERT INTO TB_PROJETOS VALUES('7475005','JOSE','PROJETO_5');
--EXECUCAO
INSERT INTO TB_EXECUCAO VALUES('41709757064','7475001','2100', DATE '2014-7-26', (SELECT REF(I) FROM TB_PROJETISTA I WHERE I.CPF = '41709757064'),
(SELECT REF(I) FROM TB_PROJETOS I WHERE I.COD_PROJ = '7475001'), (SELECT REF(I) FROM TB_ATIVIDADES I WHERE I.TAG_PLANTA = '2100'));
INSERT INTO TB_EXECUCAO VALUES('34546780998','7475002','2200', DATE '2007-7-12', (SELECT REF(I) FROM TB_PROJETISTA I WHERE I.CPF = '34546780998'),
(SELECT REF(I) FROM TB_PROJETOS I WHERE I.COD_PROJ = '7475002'), (SELECT REF(I) FROM TB_ATIVIDADES I WHERE I.TAG_PLANTA = '2200'));
INSERT INTO TB_EXECUCAO VALUES('28991470094','7475003','2300', DATE '2001-7-17', (SELECT REF(I) FROM TB_PROJETISTA I WHERE I.CPF = '28991470094'),
(SELECT REF(I) FROM TB_PROJETOS I WHERE I.COD_PROJ = '7475003'), (SELECT REF(I) FROM TB_ATIVIDADES I WHERE I.TAG_PLANTA = '2300'));

--FLUXOGRAMA
INSERT INTO FLUXOGRAMA VALUES ('999001001','1','1100',(SELECT REF(I) FROM TB_PROJETISTA I WHERE I.CPF = '41709757064'));
INSERT INTO FLUXOGRAMA VALUES ('999001002','1','1200',(SELECT REF(I) FROM TB_PROJETISTA I WHERE I.CPF = '34546780998'));
INSERT INTO FLUXOGRAMA VALUES ('999001003','2','1300',(SELECT REF(I) FROM TB_PROJETISTA I WHERE I.CPF = '28991470094'));

--FLUXO_PROJ
INSERT INTO FLUX_PROJ VALUES ('999001001','7475001', (SELECT REF(I) FROM TB_FLUXOGRAMA I WHERE I.COD_FLUX = '999001001'),
(SELECT REF(I) FROM TB_PROJETOS I WHERE I.COD_PROJ = '7475001'));
INSERT INTO FLUX_PROJ VALUES ('999001002','7475002', (SELECT REF(I) FROM TB_FLUXOGRAMA I WHERE I.COD_FLUX = '999001002'),
(SELECT REF(I) FROM TB_PROJETOS I WHERE I.COD_PROJ = '7475001'));
INSERT INTO FLUX_PROJ VALUES ('999001003','7475003', (SELECT REF(I) FROM TB_FLUXOGRAMA I WHERE I.COD_FLUX = '999001003'),
(SELECT REF(I) FROM TB_PROJETOS I WHERE I.COD_PROJ = '7475001'));

--SENSORES
INSERT INTO SENSORES VALUES ('LI101', DATE '2005-10-1','%',0,100, 'NIVEL','ANALOGICO',5);
INSERT INTO SENSORES VALUES ('LI102', DATE '2017-10-15','%',0,90,'NIVEL','ANALOGICO',5);
INSERT INTO SENSORES VALUES ('LI103', DATE '2013-7-26','%',5,95,'NIVEL','ANALOGICO',10);

--VALVULAS
INSERT INTO VALVULAS VALUES('PV101', DATE '2017-5-7','%',0,50,'ESFERICA',22,'BM');
INSERT INTO VALVULAS VALUES('PV102', DATE '2018-9-21','%',0,100,'AGULHA',24,'BB');
INSERT INTO VALVULAS VALUES('PV103', DATE '2013-11-9','%',0,50,'AGULHA',16,'MM');

--ATUADORES
INSERT INTO ATUADORES VALUES('ACT101', DATE '2001-10-16','%',0,1,'CREMALHEIRA',22,'ROTATIVO',
(SELECT REF(I) FROM TB_VALVULAS I WHERE I.TAG_INST = 'PV101'));
INSERT INTO ATUADORES VALUES('ACT102', DATE '2011-2-7','%',0,1,'PISTAO',24,'LINEAR',
(SELECT REF(I) FROM TB_VALVULAS I WHERE I.TAG_INST = 'PV102'));
INSERT INTO ATUADORES VALUES('ACT103', DATE '2009-8-21','%',0,1,'DIFUSO',24,'ROTATIVO',
(SELECT REF(I) FROM TB_VALVULAS I WHERE I.TAG_INST = 'PV103'));

--POSICIONADORES
INSERT INTO POSICIONADORES VALUES ('POS101', DATE '2007-5-16','%',0,1,'ELETRICO',5,'SIM',
(SELECT REF(I) FROM TB_ATUADORES I WHERE I.TAG_INST = 'ACT101'));
INSERT INTO POSICIONADORES VALUES ('POS102', DATE '2011-2-19','%',0,1,'PNEUMATICO',2,'SIM',
(SELECT REF(I) FROM TB_ATUADORES I WHERE I.TAG_INST = 'ACT101'));
INSERT INTO POSICIONADORES VALUES ('POS103', DATE '2018-2-1','%',0,1,'HIDRAULICO',5,'NAO',
(SELECT REF(I) FROM TB_ATUADORES I WHERE I.TAG_INST ='ACT103'));

--FLUXO_INST
INSERT INTO FLUXOINST(COD_FLUX,TAG_INST) VALUES (999001001,'LI101',(SELECT REF(I) FROM TB_FLUXOGRAMA I WHERE I.COD_FLUX = '999001001'),
(SELECT REF(I) FROM TB_SENSORES I WHERE I.TAG_INST = 'LI101'));
INSERT INTO FLUXOINST(COD_FLUX,TAG_INST) VALUES (999001002,'LI102'(SELECT REF(I) FROM TB_FLUOGRAMA I WHERE I.COD_FLUX = '999001002'),
(SELECT REF(I) FROM TB_SENSORES I WHERE I.TAG_INST = 'LI102'));
INSERT INTO FLUXOINST(COD_FLUX,TAG_INST) VALUES (999001003,'LI103'(SELECT REF(I) FROM TB_FLUOGRAMA I WHERE I.COD_FLUX = '999001003'),
(SELECT REF(I) FROM TB_SENSORES I WHERE I.TAG_INST = 'LI103'));


