--FUNCIONARIO
INSERT INTO FUNCIONARIO (CPF,NOME,SOBRENOME,IDADE,DATA_ENTRADA) VALUES
('64566844577','TEODORO','GOUVEA',30, DATE '2007-9-7');
INSERT INTO FUNCIONARIO (CPF,NOME,SOBRENOME,IDADE,DATA_ENTRADA) VALUES
('98482708628','HERMANO','MAGALHÃES',42, DATE '2009-10-26');
INSERT INTO FUNCIONARIO (CPF,NOME,SOBRENOME,IDADE,DATA_ENTRADA) VALUES
('61415242227','DONATO','VERGUERO',29, DATE '2010-5-13');
INSERT INTO FUNCIONARIO (CPF,NOME,SOBRENOME,IDADE,DATA_ENTRADA) VALUES
('58755270268','RAMÃO','JORGE',28, DATE '2008-9-4');
INSERT INTO FUNCIONARIO (CPF,NOME,SOBRENOME,IDADE,DATA_ENTRADA) VALUES
('66886682253','VIVALDO','JORGE',35, DATE '2005-12-24');
INSERT INTO FUNCIONARIO (CPF,NOME,SOBRENOME,IDADE,DATA_ENTRADA,CPF_CHEFE)
VALUES ('41709757064','NICOLAU','CONDE',44, DATE '2018-3-26','64566844577');
INSERT INTO FUNCIONARIO (CPF,NOME,SOBRENOME,IDADE,DATA_ENTRADA,CPF_CHEFE)
VALUES ('26340085682','DIÓGENES','PINHAL',28, DATE '2011-10-23','64566844577');
INSERT INTO FUNCIONARIO (CPF,NOME,SOBRENOME,IDADE,DATA_ENTRADA,CPF_CHEFE)
VALUES ('38146614946','ALMENO','FONTOURA',22, DATE '2017-12-3','64566844577');
INSERT INTO FUNCIONARIO (CPF,NOME,SOBRENOME,IDADE,DATA_ENTRADA,CPF_CHEFE)
VALUES ('82607723937','DIÓGENES','PITANGUI',24, DATE '2017-12-5','64566844577');
INSERT INTO FUNCIONARIO (CPF,NOME,SOBRENOME,IDADE,DATA_ENTRADA,CPF_CHEFE)
VALUES ('11790352695','FIRMINA','ARAGÃO',20, DATE '2015-4-15','64566844577');
INSERT INTO FUNCIONARIO (CPF,NOME,SOBRENOME,IDADE,DATA_ENTRADA,CPF_CHEFE)
VALUES ('91572578517','SIDÓNIO','VIEIRA',24, DATE '2011-4-19','58755270268');
INSERT INTO FUNCIONARIO (CPF,NOME,SOBRENOME,IDADE,DATA_ENTRADA,CPF_CHEFE)
VALUES ('25482004631','DANIEL','CASQUERO',30, DATE '2017-6-23','58755270268');
INSERT INTO FUNCIONARIO (CPF,NOME,SOBRENOME,IDADE,DATA_ENTRADA,CPF_CHEFE)
VALUES ('80242373468','DANIEL','PITANGUI',47, DATE '2016-9-24','58755270268');
INSERT INTO FUNCIONARIO (CPF,NOME,SOBRENOME,IDADE,DATA_ENTRADA,CPF_CHEFE)
VALUES ('38051557184','DONATO','JORGE',39, DATE '2018-2-23','58755270268');
INSERT INTO FUNCIONARIO (CPF,NOME,SOBRENOME,IDADE,DATA_ENTRADA,CPF_CHEFE)
VALUES ('76822400055','NICOLAU','CONDE',22, DATE '2016-5-5','58755270268');
INSERT INTO FUNCIONARIO (CPF,NOME,SOBRENOME,IDADE,DATA_ENTRADA,CPF_CHEFE)
VALUES ('55104391909','LEOPOLDO','CARRASCO',32, DATE '2010-9-26','58755270268');
INSERT INTO FUNCIONARIO (CPF,NOME,SOBRENOME,IDADE,DATA_ENTRADA,CPF_CHEFE)
VALUES ('58773145631','JÉSSICA','PITANGUI',29, DATE '2018-3-16','58755270268');
INSERT INTO FUNCIONARIO (CPF,NOME,SOBRENOME,IDADE,DATA_ENTRADA,CPF_CHEFE)
VALUES ('24067020359','DANIEL','COIMBRA',23, DATE '2016-12-21','58755270268');
INSERT INTO FUNCIONARIO (CPF,NOME,SOBRENOME,IDADE,DATA_ENTRADA,CPF_CHEFE)
VALUES ('57442097952','HERNÂNI','CASQUERO',37, DATE '2015-12-6','58755270268');
INSERT INTO FUNCIONARIO (CPF,NOME,SOBRENOME,IDADE,DATA_ENTRADA,CPF_CHEFE)
VALUES ('36789614718','ASI','QUINTEIRO',47, DATE '2014-8-21','58755270268');
INSERT INTO FUNCIONARIO (CPF,NOME,SOBRENOME,IDADE,DATA_ENTRADA,CPF_CHEFE)
VALUES ('90910096696','SANDRO','MONTALVERNE',30, DATE '2010-4-18','66886682253');
INSERT INTO FUNCIONARIO (CPF,NOME,SOBRENOME,IDADE,DATA_ENTRADA,CPF_CHEFE)
VALUES ('49562653199','DANILO','JUNQUERA',39, DATE '2010-7-4','66886682253');
INSERT INTO FUNCIONARIO (CPF,NOME,SOBRENOME,IDADE,DATA_ENTRADA,CPF_CHEFE)
VALUES ('93364641733','ADÉLIO','COELHO',38, DATE '2015-7-1','66886682253');
INSERT INTO FUNCIONARIO (CPF,NOME,SOBRENOME,IDADE,DATA_ENTRADA,CPF_CHEFE)
VALUES ('12643161645','CAROLINA','MAGALHÃES',32, DATE '2011-1-20','66886682253');
INSERT INTO FUNCIONARIO (CPF,NOME,SOBRENOME,IDADE,DATA_ENTRADA,CPF_CHEFE)
VALUES ('34650650957','LEANDRO','BULHOSA',21, DATE '2018-4-15','66886682253');
INSERT INTO FUNCIONARIO (CPF,NOME,SOBRENOME,IDADE,DATA_ENTRADA,CPF_CHEFE)
VALUES ('65122113204','ADÉLIO','ATAÍDE',45, DATE '2011-12-6','66886682253');
INSERT INTO FUNCIONARIO (CPF,NOME,SOBRENOME,IDADE,DATA_ENTRADA,CPF_CHEFE)
VALUES ('94718433825','LEANDRO','ATHAYDE',22, DATE '2015-4-4','66886682253');
INSERT INTO FUNCIONARIO (CPF,NOME,SOBRENOME,IDADE,DATA_ENTRADA,CPF_CHEFE)
VALUES ('96336510629','ARMANDA','FREITAS',24, DATE '2014-1-25','66886682253');
INSERT INTO FUNCIONARIO (CPF,NOME,SOBRENOME,IDADE,DATA_ENTRADA,CPF_CHEFE)
VALUES ('95545009491','EULÁLIA','ATHAYDE',47, DATE '2016-1-13','66886682253');
INSERT INTO FUNCIONARIO (CPF,NOME,SOBRENOME,IDADE,DATA_ENTRADA,CPF_CHEFE)
VALUES ('79715677915','XÊNIA','DORNELES',20, DATE '2016-7-1','66886682253');
INSERT INTO FUNCIONARIO (CPF,NOME,SOBRENOME,IDADE,DATA_ENTRADA,CPF_CHEFE)
VALUES ('81573537801','VERÓNICA','VENTURA',27, DATE '2013-6-22','98482708628');
INSERT INTO FUNCIONARIO (CPF,NOME,SOBRENOME,IDADE,DATA_ENTRADA,CPF_CHEFE)
VALUES ('31907722649','HERMANO','BULHOSA',38, DATE '2015-1-8','98482708628');
INSERT INTO FUNCIONARIO (CPF,NOME,SOBRENOME,IDADE,DATA_ENTRADA,CPF_CHEFE)
VALUES ('61080536051','FIRMINA','PRADO',48, DATE '2018-8-23','98482708628');
INSERT INTO FUNCIONARIO (CPF,NOME,SOBRENOME,IDADE,DATA_ENTRADA,CPF_CHEFE)
VALUES ('32293505305','LUDOVICO','CARRASCO',45, DATE '2014-6-16','98482708628');
INSERT INTO FUNCIONARIO (CPF,NOME,SOBRENOME,IDADE,DATA_ENTRADA,CPF_CHEFE)
VALUES ('34546780998','FIRMINA','VELOSO',30, DATE '2016-12-10','98482708628');
INSERT INTO FUNCIONARIO (CPF,NOME,SOBRENOME,IDADE,DATA_ENTRADA,CPF_CHEFE)
VALUES ('55547173159','XÊNIA','AZAMBUJA',25, DATE '2018-11-2','98482708628');
INSERT INTO FUNCIONARIO (CPF,NOME,SOBRENOME,IDADE,DATA_ENTRADA,CPF_CHEFE)
VALUES ('89202380418','VERÓNICA','PITANGUI',44, DATE '2015-2-16','98482708628');
INSERT INTO FUNCIONARIO (CPF,NOME,SOBRENOME,IDADE,DATA_ENTRADA,CPF_CHEFE)
VALUES ('49761482678','LUDOVICO','RESENDE',27, DATE '2010-1-7','98482708628');
INSERT INTO FUNCIONARIO (CPF,NOME,SOBRENOME,IDADE,DATA_ENTRADA,CPF_CHEFE)
VALUES ('38176643074','POLÍBIO','PITANGUI',28, DATE '2014-2-18','98482708628');
INSERT INTO FUNCIONARIO (CPF,NOME,SOBRENOME,IDADE,DATA_ENTRADA,CPF_CHEFE)
VALUES ('18215728649','HERNÂNI','NETO',30, DATE '2012-2-10','98482708628');
INSERT INTO FUNCIONARIO (CPF,NOME,SOBRENOME,IDADE,DATA_ENTRADA,CPF_CHEFE)
VALUES ('15416585588','SIDÓNIO','SANTANA',22, DATE '2018-8-23','61415242227');
INSERT INTO FUNCIONARIO (CPF,NOME,SOBRENOME,IDADE,DATA_ENTRADA,CPF_CHEFE)
VALUES ('28991470094','XÊNIA','GARRAU',48, DATE '2013-1-24','61415242227');
INSERT INTO FUNCIONARIO (CPF,NOME,SOBRENOME,IDADE,DATA_ENTRADA,CPF_CHEFE)
VALUES ('76483044828','INÁCIO','GARRAU',30, DATE '2016-2-22','61415242227');
INSERT INTO FUNCIONARIO (CPF,NOME,SOBRENOME,IDADE,DATA_ENTRADA,CPF_CHEFE)
VALUES ('67018036926','VIVALDO','BONILLA',35, DATE '2019-5-3','61415242227');
INSERT INTO FUNCIONARIO (CPF,NOME,SOBRENOME,IDADE,DATA_ENTRADA,CPF_CHEFE)
VALUES ('92859386507','ROQUE','BAHIA',36, DATE '2012-4-2','61415242227');
INSERT INTO FUNCIONARIO (CPF,NOME,SOBRENOME,IDADE,DATA_ENTRADA,CPF_CHEFE)
VALUES ('46730452121','NICOLAU','PRADO',42, DATE '2018-9-23','61415242227');
INSERT INTO FUNCIONARIO (CPF,NOME,SOBRENOME,IDADE,DATA_ENTRADA,CPF_CHEFE)
VALUES ('45562573967','CORINA','ABELHO',39, DATE '2013-11-3','61415242227');
INSERT INTO FUNCIONARIO (CPF,NOME,SOBRENOME,IDADE,DATA_ENTRADA,CPF_CHEFE)
VALUES ('82138947637','DONATO','BONILLA',42, DATE '2013-6-17','61415242227');
INSERT INTO FUNCIONARIO (CPF,NOME,SOBRENOME,IDADE,DATA_ENTRADA,CPF_CHEFE)
VALUES ('78751982023','JULIANO','GENTIL',26, DATE '2018-9-24','61415242227');
INSERT INTO FUNCIONARIO (CPF,NOME,SOBRENOME,IDADE,DATA_ENTRADA,CPF_CHEFE)
VALUES ('53187853397','IARA','NETO',32, DATE '2014-2-12','61415242227');
--TELEFONE_FUNC
INSERT INTO TELEFONE_FUNC (CPF,TELEFONE) VALUES ('81573537801','(82)874512513');
INSERT INTO TELEFONE_FUNC (CPF,TELEFONE) VALUES ('34650650957','(69)875259475');
INSERT INTO TELEFONE_FUNC (CPF,TELEFONE) VALUES ('65122113204','(69)365483557');
INSERT INTO TELEFONE_FUNC (CPF,TELEFONE) VALUES ('55104391909','(42)127713379');
INSERT INTO TELEFONE_FUNC (CPF,TELEFONE) VALUES ('38176643074','(67)198930894');
INSERT INTO TELEFONE_FUNC (CPF,TELEFONE) VALUES ('58773145631','(71)480639661');
INSERT INTO TELEFONE_FUNC (CPF,TELEFONE) VALUES ('67018036926','(49)246295181');
INSERT INTO TELEFONE_FUNC (CPF,TELEFONE) VALUES ('45562573967','(85)449368481');
INSERT INTO TELEFONE_FUNC (CPF,TELEFONE) VALUES ('80242373468','(33)664743627');
INSERT INTO TELEFONE_FUNC (CPF,TELEFONE) VALUES ('15416585588','(88)763125125');
INSERT INTO TELEFONE_FUNC (CPF,TELEFONE) VALUES ('11790352695','(34)732329388');
INSERT INTO TELEFONE_FUNC (CPF,TELEFONE) VALUES ('89202380418','(67)397105412');
INSERT INTO TELEFONE_FUNC (CPF,TELEFONE) VALUES ('80242373468','(35)356617871');
INSERT INTO TELEFONE_FUNC (CPF,TELEFONE) VALUES ('25482004631','(48)672768933');
INSERT INTO TELEFONE_FUNC (CPF,TELEFONE) VALUES ('55547173159','(83)428969635');
INSERT INTO TELEFONE_FUNC (CPF,TELEFONE) VALUES ('61415242227','(85)287045320');
INSERT INTO TELEFONE_FUNC (CPF,TELEFONE) VALUES ('82607723937','(37)949825528');
INSERT INTO TELEFONE_FUNC (CPF,TELEFONE) VALUES ('98482708628','(82)811664444');
INSERT INTO TELEFONE_FUNC (CPF,TELEFONE) VALUES ('96336510629','(42)726573008');
INSERT INTO TELEFONE_FUNC (CPF,TELEFONE) VALUES ('81573537801','(81)357205258');
INSERT INTO TELEFONE_FUNC (CPF,TELEFONE) VALUES ('11790352695','(62)105827962');
INSERT INTO TELEFONE_FUNC (CPF,TELEFONE) VALUES ('41709757064','(32)735991979');
INSERT INTO TELEFONE_FUNC (CPF,TELEFONE) VALUES ('34546780998','(34)523200469');
INSERT INTO TELEFONE_FUNC (CPF,TELEFONE) VALUES ('28991470094','(81)236481832');
INSERT INTO TELEFONE_FUNC (CPF,TELEFONE) VALUES ('65122113204','(24)448981907');
INSERT INTO TELEFONE_FUNC (CPF,TELEFONE) VALUES ('76483044828','(79)471958551');
INSERT INTO TELEFONE_FUNC (CPF,TELEFONE) VALUES ('11790352695','(91)283882664');
INSERT INTO TELEFONE_FUNC (CPF,TELEFONE) VALUES ('41709757064','(38)144319770');
INSERT INTO TELEFONE_FUNC (CPF,TELEFONE) VALUES ('34546780998','(73)217570075');
INSERT INTO TELEFONE_FUNC (CPF,TELEFONE) VALUES ('28991470094','(71)837113429');
INSERT INTO TELEFONE_FUNC (CPF,TELEFONE) VALUES ('58755270268','(89)375068353');
INSERT INTO TELEFONE_FUNC (CPF,TELEFONE) VALUES ('38176643074','(49)447709004');
INSERT INTO TELEFONE_FUNC (CPF,TELEFONE) VALUES ('57442097952','(38)609546444');
INSERT INTO TELEFONE_FUNC (CPF,TELEFONE) VALUES ('95545009491','(64)324116983');
INSERT INTO TELEFONE_FUNC (CPF,TELEFONE) VALUES ('45562573967','(67)853684222');
INSERT INTO TELEFONE_FUNC (CPF,TELEFONE) VALUES ('28991470094','(22)710770702');
INSERT INTO TELEFONE_FUNC (CPF,TELEFONE) VALUES ('65122113204','(88)839367561');
INSERT INTO TELEFONE_FUNC (CPF,TELEFONE) VALUES ('76483044828','(28)652350096');
INSERT INTO TELEFONE_FUNC (CPF,TELEFONE) VALUES ('46730452121','(46)395231950');
INSERT INTO TELEFONE_FUNC (CPF,TELEFONE) VALUES ('95545009491','(22)505106261');
INSERT INTO TELEFONE_FUNC (CPF,TELEFONE) VALUES ('49562653199','(32)256825013');
INSERT INTO TELEFONE_FUNC (CPF,TELEFONE) VALUES ('78751982023','(34)743480989');
INSERT INTO TELEFONE_FUNC (CPF,TELEFONE) VALUES ('58755270268','(27)551943799');
INSERT INTO TELEFONE_FUNC (CPF,TELEFONE) VALUES ('38176643074','(77)179566163');
INSERT INTO TELEFONE_FUNC (CPF,TELEFONE) VALUES ('80242373468','(68)373051442');
INSERT INTO TELEFONE_FUNC (CPF,TELEFONE) VALUES ('46730452121','(33)979295688');
INSERT INTO TELEFONE_FUNC (CPF,TELEFONE) VALUES ('55104391909','(37)958430699');
INSERT INTO TELEFONE_FUNC (CPF,TELEFONE) VALUES ('31907722649','(54)671254638');
INSERT INTO TELEFONE_FUNC (CPF,TELEFONE) VALUES ('49562653199','(32)525519705');
INSERT INTO TELEFONE_FUNC (CPF,TELEFONE) VALUES ('80242373468','(67)968557181');
--SALARIO
INSERT INTO SALARIO (CPF,DATA_REAJUSTE,VALOR_SAL,MOEDA) VALUES ('64566844577', DATE
'2018-4-6',897.82,'BOLIVAR');
INSERT INTO SALARIO (CPF,DATA_REAJUSTE,VALOR_SAL,MOEDA) VALUES ('98482708628', DATE
'2016-11-15',1304.59,'BOLIVAR');
INSERT INTO SALARIO (CPF,DATA_REAJUSTE,VALOR_SAL,MOEDA) VALUES ('61415242227', DATE
'2016-11-11',3301.78,'BOLIVAR');
INSERT INTO SALARIO (CPF,DATA_REAJUSTE,VALOR_SAL,MOEDA) VALUES ('58755270268', DATE
'2007-8-29',2428.97,'BOLIVAR');
INSERT INTO SALARIO (CPF,DATA_REAJUSTE,VALOR_SAL,MOEDA) VALUES ('66886682253', DATE
'2001-11-24',2455.63,'LIBRA');
INSERT INTO SALARIO (CPF,DATA_REAJUSTE,VALOR_SAL,MOEDA) VALUES ('41709757064', DATE
'2014-3-1',2680.01,'REAL');
INSERT INTO SALARIO (CPF,DATA_REAJUSTE,VALOR_SAL,MOEDA) VALUES ('26340085682', DATE
'2004-10-19',4742.57,'BOLIVAR');
INSERT INTO SALARIO (CPF,DATA_REAJUSTE,VALOR_SAL,MOEDA) VALUES ('38146614946', DATE
'2013-11-14',2882,'EURO');
INSERT INTO SALARIO (CPF,DATA_REAJUSTE,VALOR_SAL,MOEDA) VALUES ('82607723937', DATE
'2018-11-12',2023.85,'EURO');
INSERT INTO SALARIO (CPF,DATA_REAJUSTE,VALOR_SAL,MOEDA) VALUES ('67018036926', DATE
'2010-2-24',4049.44,'BOLIVAR');
INSERT INTO SALARIO (CPF,DATA_REAJUSTE,VALOR_SAL,MOEDA) VALUES ('92859386507', DATE
'2017-7-12',2459.67,'PESO');
INSERT INTO SALARIO (CPF,DATA_REAJUSTE,VALOR_SAL,MOEDA) VALUES ('46730452121', DATE
'2004-5-26',4977.83,'BOLIVAR');
INSERT INTO SALARIO (CPF,DATA_REAJUSTE,VALOR_SAL,MOEDA) VALUES ('45562573967', DATE
'2009-3-27',2958.66,'BOLIVAR');
INSERT INTO SALARIO (CPF,DATA_REAJUSTE,VALOR_SAL,MOEDA) VALUES ('82138947637', DATE
'2007-3-26',3339.37,'BOLIVAR');
INSERT INTO SALARIO (CPF,DATA_REAJUSTE,VALOR_SAL,MOEDA) VALUES ('78751982023', DATE
'2014-8-27',2268.23,'BOLIVAR');
INSERT INTO SALARIO (CPF,DATA_REAJUSTE,VALOR_SAL,MOEDA) VALUES ('53187853397', DATE
'2018-10-19',800.92,'IENE');
INSERT INTO SALARIO (CPF,DATA_REAJUSTE,VALOR_SAL,MOEDA) VALUES ('34546780998', DATE
'2009-6-7',1880.39,'IENE');
INSERT INTO SALARIO (CPF,DATA_REAJUSTE,VALOR_SAL,MOEDA) VALUES ('55547173159', DATE
'2002-2-24',3943.99,'BOLIVAR');
INSERT INTO SALARIO (CPF,DATA_REAJUSTE,VALOR_SAL,MOEDA) VALUES ('89202380418', DATE
'2018-5-29',1415.13,'BOLIVAR');
INSERT INTO SALARIO (CPF,DATA_REAJUSTE,VALOR_SAL,MOEDA) VALUES ('49761482678', DATE
'2007-10-19',3374.58,'IENE');
INSERT INTO SALARIO (CPF,DATA_REAJUSTE,VALOR_SAL,MOEDA) VALUES ('38176643074', DATE
'2014-3-14',1771.2,'BOLIVAR');
INSERT INTO SALARIO (CPF,DATA_REAJUSTE,VALOR_SAL,MOEDA) VALUES ('18215728649', DATE
'2001-8-6',2467.17,'BOLIVAR');
INSERT INTO SALARIO (CPF,DATA_REAJUSTE,VALOR_SAL,MOEDA) VALUES ('15416585588', DATE
'2000-10-14',822.11,'BOLIVAR');
INSERT INTO SALARIO (CPF,DATA_REAJUSTE,VALOR_SAL,MOEDA) VALUES ('28991470094', DATE
'2004-5-18',1372.36,'BOLIVAR');
INSERT INTO SALARIO (CPF,DATA_REAJUSTE,VALOR_SAL,MOEDA) VALUES ('76483044828', DATE
'2010-6-17',1926.33,'BOLIVAR');
INSERT INTO SALARIO (CPF,DATA_REAJUSTE,VALOR_SAL,MOEDA) VALUES ('11790352695', DATE
'2013-9-23',1140.16,'PESO');
INSERT INTO SALARIO (CPF,DATA_REAJUSTE,VALOR_SAL,MOEDA) VALUES ('91572578517', DATE
'2008-1-26',1950.19,'IENE');
INSERT INTO SALARIO (CPF,DATA_REAJUSTE,VALOR_SAL,MOEDA) VALUES ('25482004631', DATE
'2003-1-3',1149.33,'EURO');
INSERT INTO SALARIO (CPF,DATA_REAJUSTE,VALOR_SAL,MOEDA) VALUES ('80242373468', DATE
'2014-9-2',3466.32,'BOLIVAR');
INSERT INTO SALARIO (CPF,DATA_REAJUSTE,VALOR_SAL,MOEDA) VALUES ('38051557184', DATE
'2016-6-25',946.27,'LIBRA');
INSERT INTO SALARIO (CPF,DATA_REAJUSTE,VALOR_SAL,MOEDA) VALUES ('76822400055', DATE
'2007-3-12',2892.07,'REAL');
INSERT INTO SALARIO (CPF,DATA_REAJUSTE,VALOR_SAL,MOEDA) VALUES ('55104391909', DATE
'2001-6-17',2910.96,'PESO');
INSERT INTO SALARIO (CPF,DATA_REAJUSTE,VALOR_SAL,MOEDA) VALUES ('58773145631', DATE
'2015-12-28',1050.02,'PESO');
INSERT INTO SALARIO (CPF,DATA_REAJUSTE,VALOR_SAL,MOEDA) VALUES ('24067020359', DATE
'2011-7-18',2904.87,'REAL');
INSERT INTO SALARIO (CPF,DATA_REAJUSTE,VALOR_SAL,MOEDA) VALUES ('57442097952', DATE
'2017-3-29',390.04,'BOLIVAR');
INSERT INTO SALARIO (CPF,DATA_REAJUSTE,VALOR_SAL,MOEDA) VALUES ('36789614718', DATE
'2017-2-15',729.59,'PESO');
INSERT INTO SALARIO (CPF,DATA_REAJUSTE,VALOR_SAL,MOEDA) VALUES ('90910096696', DATE
'2013-6-29',805.53,'REAL');
INSERT INTO SALARIO (CPF,DATA_REAJUSTE,VALOR_SAL,MOEDA) VALUES ('49562653199', DATE
'2015-10-8',1300.41,'REAL');
INSERT INTO SALARIO (CPF,DATA_REAJUSTE,VALOR_SAL,MOEDA) VALUES ('93364641733', DATE
'2005-12-4',3580.16,'REAL');
INSERT INTO SALARIO (CPF,DATA_REAJUSTE,VALOR_SAL,MOEDA) VALUES ('12643161645', DATE
'2009-9-30',3006.17,'DOLLAR');
INSERT INTO SALARIO (CPF,DATA_REAJUSTE,VALOR_SAL,MOEDA) VALUES ('34650650957', DATE
'2018-4-22',189.86,'BOLIVAR');
INSERT INTO SALARIO (CPF,DATA_REAJUSTE,VALOR_SAL,MOEDA) VALUES ('65122113204', DATE
'2007-5-30',1109.98,'REAL');
INSERT INTO SALARIO (CPF,DATA_REAJUSTE,VALOR_SAL,MOEDA) VALUES ('94718433825', DATE
'2001-4-7',294.51,'IENE');
INSERT INTO SALARIO (CPF,DATA_REAJUSTE,VALOR_SAL,MOEDA) VALUES ('96336510629', DATE
'2016-3-5',3238.64,'BOLIVAR');
INSERT INTO SALARIO (CPF,DATA_REAJUSTE,VALOR_SAL,MOEDA) VALUES ('95545009491', DATE
'2018-3-30',3376.26,'PESO');
INSERT INTO SALARIO (CPF,DATA_REAJUSTE,VALOR_SAL,MOEDA) VALUES ('79715677915', DATE
'2015-9-14',1555.28,'REAL');
INSERT INTO SALARIO (CPF,DATA_REAJUSTE,VALOR_SAL,MOEDA) VALUES ('81573537801', DATE
'2017-11-23',3152.71,'REAL');
INSERT INTO SALARIO (CPF,DATA_REAJUSTE,VALOR_SAL,MOEDA) VALUES ('31907722649', DATE
'2014-3-29',2278.59,'BOLIVAR');
INSERT INTO SALARIO (CPF,DATA_REAJUSTE,VALOR_SAL,MOEDA) VALUES ('61080536051', DATE
'2002-2-14',2662.33,'REAL');
INSERT INTO SALARIO (CPF,DATA_REAJUSTE,VALOR_SAL,MOEDA) VALUES ('32293505305', DATE
'2015-5-23',2723.44,'PESO');
--INSTRUMENTISTA
INSERT INTO INSTRUMENTISTA(CPF,TURNO) VALUES ('12643161645','TARDE');
INSERT INTO INSTRUMENTISTA(CPF,TURNO) VALUES ('34650650957','NOITE');
INSERT INTO INSTRUMENTISTA(CPF,TURNO) VALUES ('65122113204','NOITE');
INSERT INTO INSTRUMENTISTA(CPF,TURNO) VALUES ('94718433825','NOITE');
INSERT INTO INSTRUMENTISTA(CPF,TURNO) VALUES ('96336510629','TARDE');
INSERT INTO INSTRUMENTISTA(CPF,TURNO) VALUES ('95545009491','TARDE');
INSERT INTO INSTRUMENTISTA(CPF,TURNO) VALUES ('79715677915','MANHA');
INSERT INTO INSTRUMENTISTA(CPF,TURNO) VALUES ('81573537801','NOITE');
INSERT INTO INSTRUMENTISTA(CPF,TURNO) VALUES ('31907722649','TARDE');
INSERT INTO INSTRUMENTISTA(CPF,TURNO) VALUES ('61080536051','NOITE');
INSERT INTO INSTRUMENTISTA(CPF,TURNO) VALUES ('32293505305','NOITE');
INSERT INTO INSTRUMENTISTA(CPF,TURNO) VALUES ('34546780998','NOITE');
INSERT INTO INSTRUMENTISTA(CPF,TURNO) VALUES ('55547173159','TARDE');
INSERT INTO INSTRUMENTISTA(CPF,TURNO) VALUES ('89202380418','TARDE');
INSERT INTO INSTRUMENTISTA(CPF,TURNO) VALUES ('49761482678','TARDE');
INSERT INTO INSTRUMENTISTA(CPF,TURNO) VALUES ('38176643074','NOITE');
INSERT INTO INSTRUMENTISTA(CPF,TURNO) VALUES ('18215728649','MANHA');
INSERT INTO INSTRUMENTISTA(CPF,TURNO) VALUES ('15416585588','NOITE');
INSERT INTO INSTRUMENTISTA(CPF,TURNO) VALUES ('28991470094','NOITE');
INSERT INTO INSTRUMENTISTA(CPF,TURNO) VALUES ('92859386507','TARDE');
--CAPACITACAO_INST
INSERT INTO CAPACITACAO_INST(CPF,CAPACITACAO) VALUES ('12643161645','NR32');
INSERT INTO CAPACITACAO_INST(CPF,CAPACITACAO) VALUES ('34650650957','NR32');
INSERT INTO CAPACITACAO_INST(CPF,CAPACITACAO) VALUES ('65122113204','NR32');
INSERT INTO CAPACITACAO_INST(CPF,CAPACITACAO) VALUES ('94718433825','NR32');
INSERT INTO CAPACITACAO_INST(CPF,CAPACITACAO) VALUES ('96336510629','NR32');
INSERT INTO CAPACITACAO_INST(CPF,CAPACITACAO) VALUES ('95545009491','NR32');
INSERT INTO CAPACITACAO_INST(CPF,CAPACITACAO) VALUES ('79715677915','NR10');
INSERT INTO CAPACITACAO_INST(CPF,CAPACITACAO) VALUES ('81573537801','NR10');
INSERT INTO CAPACITACAO_INST(CPF,CAPACITACAO) VALUES ('31907722649','NR10');
INSERT INTO CAPACITACAO_INST(CPF,CAPACITACAO) VALUES ('61080536051','NR10');
INSERT INTO CAPACITACAO_INST(CPF,CAPACITACAO) VALUES ('32293505305','NR10');
INSERT INTO CAPACITACAO_INST(CPF,CAPACITACAO) VALUES ('34546780998','NR10');
INSERT INTO CAPACITACAO_INST(CPF,CAPACITACAO) VALUES ('55547173159','NR10');
INSERT INTO CAPACITACAO_INST(CPF,CAPACITACAO) VALUES ('89202380418','NR10');
INSERT INTO CAPACITACAO_INST(CPF,CAPACITACAO) VALUES ('49761482678','NR10');
INSERT INTO CAPACITACAO_INST(CPF,CAPACITACAO) VALUES ('38176643074','NR15');
INSERT INTO CAPACITACAO_INST(CPF,CAPACITACAO) VALUES ('18215728649','NR15');
INSERT INTO CAPACITACAO_INST(CPF,CAPACITACAO) VALUES ('15416585588','NR15');
INSERT INTO CAPACITACAO_INST(CPF,CAPACITACAO) VALUES ('28991470094','NR15');
INSERT INTO CAPACITACAO_INST(CPF,CAPACITACAO) VALUES ('92859386507','NR23');
INSERT INTO CAPACITACAO_INST(CPF,CAPACITACAO) VALUES ('12643161645','NR23');
INSERT INTO CAPACITACAO_INST(CPF,CAPACITACAO) VALUES ('34650650957','NR23');
INSERT INTO CAPACITACAO_INST(CPF,CAPACITACAO) VALUES ('65122113204','NR23');
INSERT INTO CAPACITACAO_INST(CPF,CAPACITACAO) VALUES ('94718433825','NR23');
INSERT INTO CAPACITACAO_INST(CPF,CAPACITACAO) VALUES ('96336510629','NR23');
INSERT INTO CAPACITACAO_INST(CPF,CAPACITACAO) VALUES ('95545009491','NR23');
INSERT INTO CAPACITACAO_INST(CPF,CAPACITACAO) VALUES ('79715677915','NR23');
INSERT INTO CAPACITACAO_INST(CPF,CAPACITACAO) VALUES ('81573537801','NR16');
INSERT INTO CAPACITACAO_INST(CPF,CAPACITACAO) VALUES ('31907722649','NR16');
INSERT INTO CAPACITACAO_INST(CPF,CAPACITACAO) VALUES ('61080536051','NR16');
INSERT INTO CAPACITACAO_INST(CPF,CAPACITACAO) VALUES ('32293505305','NR16');
INSERT INTO CAPACITACAO_INST(CPF,CAPACITACAO) VALUES ('34546780998','NR16');
INSERT INTO CAPACITACAO_INST(CPF,CAPACITACAO) VALUES ('55547173159','NR16');
INSERT INTO CAPACITACAO_INST(CPF,CAPACITACAO) VALUES ('89202380418','NR16');
INSERT INTO CAPACITACAO_INST(CPF,CAPACITACAO) VALUES ('49761482678','NR16');
INSERT INTO CAPACITACAO_INST(CPF,CAPACITACAO) VALUES ('38176643074','NR16');
INSERT INTO CAPACITACAO_INST(CPF,CAPACITACAO) VALUES ('18215728649','NR16');
INSERT INTO CAPACITACAO_INST(CPF,CAPACITACAO) VALUES ('15416585588','NR16');
INSERT INTO CAPACITACAO_INST(CPF,CAPACITACAO) VALUES ('28991470094','NR16');
INSERT INTO CAPACITACAO_INST(CPF,CAPACITACAO) VALUES ('92859386507','NR42');
INSERT INTO CAPACITACAO_INST(CPF,CAPACITACAO) VALUES ('12643161645','NR42');
INSERT INTO CAPACITACAO_INST(CPF,CAPACITACAO) VALUES ('34650650957','NR42');
INSERT INTO CAPACITACAO_INST(CPF,CAPACITACAO) VALUES ('65122113204','NR42');
INSERT INTO CAPACITACAO_INST(CPF,CAPACITACAO) VALUES ('94718433825','NR56');
INSERT INTO CAPACITACAO_INST(CPF,CAPACITACAO) VALUES ('96336510629','NR56');
INSERT INTO CAPACITACAO_INST(CPF,CAPACITACAO) VALUES ('95545009491','NR56');
INSERT INTO CAPACITACAO_INST(CPF,CAPACITACAO) VALUES ('79715677915','NR56');
INSERT INTO CAPACITACAO_INST(CPF,CAPACITACAO) VALUES ('81573537801','NR56');
INSERT INTO CAPACITACAO_INST(CPF,CAPACITACAO) VALUES ('31907722649','NR56');
INSERT INTO CAPACITACAO_INST(CPF,CAPACITACAO) VALUES ('61080536051','NR56');
--EPI_INST
INSERT INTO EPI_INST(CPF,EPI) VALUES ('12643161645','OCULOS');
INSERT INTO EPI_INST(CPF,EPI) VALUES ('34650650957','OCULOS');
INSERT INTO EPI_INST(CPF,EPI) VALUES ('65122113204','OCULOS');
INSERT INTO EPI_INST(CPF,EPI) VALUES ('94718433825','OCULOS');
INSERT INTO EPI_INST(CPF,EPI) VALUES ('96336510629','OCULOS');
INSERT INTO EPI_INST(CPF,EPI) VALUES ('95545009491','OCULOS');
INSERT INTO EPI_INST(CPF,EPI) VALUES ('79715677915','OCULOS');
INSERT INTO EPI_INST(CPF,EPI) VALUES ('81573537801','OCULOS');
INSERT INTO EPI_INST(CPF,EPI) VALUES ('31907722649','JACECO');
INSERT INTO EPI_INST(CPF,EPI) VALUES ('61080536051','JACECO');
INSERT INTO EPI_INST(CPF,EPI) VALUES ('32293505305','JACECO');
INSERT INTO EPI_INST(CPF,EPI) VALUES ('34546780998','JACECO');
INSERT INTO EPI_INST(CPF,EPI) VALUES ('55547173159','JACECO');
INSERT INTO EPI_INST(CPF,EPI) VALUES ('89202380418','JACECO');
INSERT INTO EPI_INST(CPF,EPI) VALUES ('49761482678','JACECO');
INSERT INTO EPI_INST(CPF,EPI) VALUES ('38176643074','JACECO');
INSERT INTO EPI_INST(CPF,EPI) VALUES ('18215728649','JACECO');
INSERT INTO EPI_INST(CPF,EPI) VALUES ('15416585588','JACECO');
INSERT INTO EPI_INST(CPF,EPI) VALUES ('28991470094','JACECO');
INSERT INTO EPI_INST(CPF,EPI) VALUES ('92859386507','JACECO');
INSERT INTO EPI_INST(CPF,EPI) VALUES ('12643161645','CAPA');
INSERT INTO EPI_INST(CPF,EPI) VALUES ('34650650957','CAPA');
INSERT INTO EPI_INST(CPF,EPI) VALUES ('65122113204','CAPA');
INSERT INTO EPI_INST(CPF,EPI) VALUES ('94718433825','CAPA');
INSERT INTO EPI_INST(CPF,EPI) VALUES ('96336510629','CAPA');
INSERT INTO EPI_INST(CPF,EPI) VALUES ('95545009491','CAPA');
INSERT INTO EPI_INST(CPF,EPI) VALUES ('79715677915','CAPA');
INSERT INTO EPI_INST(CPF,EPI) VALUES ('81573537801','CAPA');
INSERT INTO EPI_INST(CPF,EPI) VALUES ('31907722649','CAPA');
INSERT INTO EPI_INST(CPF,EPI) VALUES ('61080536051','CAPA');
INSERT INTO EPI_INST(CPF,EPI) VALUES ('32293505305','CAPA');
INSERT INTO EPI_INST(CPF,EPI) VALUES ('34546780998','LUVAS');
INSERT INTO EPI_INST(CPF,EPI) VALUES ('55547173159','LUVAS');
INSERT INTO EPI_INST(CPF,EPI) VALUES ('89202380418','LUVAS');
INSERT INTO EPI_INST(CPF,EPI) VALUES ('49761482678','LUVAS');
INSERT INTO EPI_INST(CPF,EPI) VALUES ('38176643074','LUVAS');
INSERT INTO EPI_INST(CPF,EPI) VALUES ('18215728649','LUVAS');
INSERT INTO EPI_INST(CPF,EPI) VALUES ('15416585588','LUVAS');
INSERT INTO EPI_INST(CPF,EPI) VALUES ('28991470094','LUVAS');
INSERT INTO EPI_INST(CPF,EPI) VALUES ('92859386507','LUVAS');
INSERT INTO EPI_INST(CPF,EPI) VALUES ('12643161645','BOTAS');
INSERT INTO EPI_INST(CPF,EPI) VALUES ('34650650957','BOTAS');
INSERT INTO EPI_INST(CPF,EPI) VALUES ('65122113204','BOTAS');
INSERT INTO EPI_INST(CPF,EPI) VALUES ('94718433825','BOTAS');
INSERT INTO EPI_INST(CPF,EPI) VALUES ('96336510629','BOTAS');
INSERT INTO EPI_INST(CPF,EPI) VALUES ('95545009491','BOTAS');
INSERT INTO EPI_INST(CPF,EPI) VALUES ('79715677915','BOTAS');
INSERT INTO EPI_INST(CPF,EPI) VALUES ('81573537801','BOTAS');
INSERT INTO EPI_INST(CPF,EPI) VALUES ('31907722649','BOTAS');
-- PROJETISTA
INSERT INTO PROJETISTA (CPF,ESPECIALIZACAO,FORMACAO_SUP,CREA) VALUES
('41709757064','PLC','AUTOMACAO','9740718270');
INSERT INTO PROJETISTA (CPF,ESPECIALIZACAO,FORMACAO_SUP,CREA) VALUES
('34546780998','SDCD','ELETRICA','6050055951');
INSERT INTO PROJETISTA (CPF,ESPECIALIZACAO,FORMACAO_SUP,CREA) VALUES
('28991470094','CAD','MECANICA','1862585443');
INSERT INTO PROJETISTA (CPF,ESPECIALIZACAO,FORMACAO_SUP,CREA) VALUES
('58755270268','REDES','CIVIL','1335327235');
INSERT INTO PROJETISTA (CPF,ESPECIALIZACAO,FORMACAO_SUP,CREA) VALUES
('38176643074','SISTEMAS','QUIMICA','7805923629');
INSERT INTO PROJETISTA (CPF,ESPECIALIZACAO,FORMACAO_SUP,CREA) VALUES
('57442097952','MANUTENCAO','MATERIAIS','2181559809');
INSERT INTO PROJETISTA (CPF,ESPECIALIZACAO,FORMACAO_SUP,CREA) VALUES
('95545009491','PLC','AUTOMACAO','9461177343');
INSERT INTO PROJETISTA (CPF,ESPECIALIZACAO,FORMACAO_SUP,CREA) VALUES
('45562573967','SDCD','ELETRICA','9353839783');
INSERT INTO PROJETISTA (CPF,ESPECIALIZACAO,FORMACAO_SUP,CREA) VALUES
('28991470094','CAD','MECANICA','3239355462');
INSERT INTO PROJETISTA (CPF,ESPECIALIZACAO,FORMACAO_SUP,CREA) VALUES
('65122113204','REDES','CIVIL','8111530603');
INSERT INTO PROJETISTA (CPF,ESPECIALIZACAO,FORMACAO_SUP,CREA) VALUES
('76483044828','SISTEMAS','QUIMICA','4758041174');
INSERT INTO PROJETISTA (CPF,ESPECIALIZACAO,FORMACAO_SUP,CREA) VALUES
('46730452121','MANUTENCAO','MATERIAIS','1981562259');
INSERT INTO PROJETISTA (CPF,ESPECIALIZACAO,FORMACAO_SUP,CREA) VALUES
('49562653199','SDCD','ELETRICA','4526141800');
INSERT INTO PROJETISTA (CPF,ESPECIALIZACAO,FORMACAO_SUP,CREA) VALUES
('78751982023','CAD','MECANICA','7212657417');
--PLANTA_INDUSTRIAL
INSERT INTO PLANTA_INDUSTRIAL(TAG_PLANTA,INDUSTRIA,LOCALIZACAO) VALUES
('2100','ALIMENTOS1','RECIFE');
INSERT INTO PLANTA_INDUSTRIAL(TAG_PLANTA,INDUSTRIA,LOCALIZACAO) VALUES
('2200','ALIMENTOS2','SALVADOR');
INSERT INTO PLANTA_INDUSTRIAL(TAG_PLANTA,INDUSTRIA,LOCALIZACAO) VALUES
('2300','ALIMENTOS3','MACEIO');
INSERT INTO PLANTA_INDUSTRIAL(TAG_PLANTA,INDUSTRIA,LOCALIZACAO) VALUES
('2400','ALIMENTOS4','NATAL');
INSERT INTO PLANTA_INDUSTRIAL(TAG_PLANTA,INDUSTRIA,LOCALIZACAO) VALUES
('2500','ALIMENTOS5','MARANHAO');
INSERT INTO PLANTA_INDUSTRIAL(TAG_PLANTA,INDUSTRIA,LOCALIZACAO) VALUES
('2600','ALIMENTOS6','PIAUI');
INSERT INTO PLANTA_INDUSTRIAL(TAG_PLANTA,INDUSTRIA,LOCALIZACAO) VALUES
('2700','ALIMENTOS7','CARUARU');
INSERT INTO PLANTA_INDUSTRIAL(TAG_PLANTA,INDUSTRIA,LOCALIZACAO) VALUES
('2800','ALIMENTOS8','ACRE');
INSERT INTO PLANTA_INDUSTRIAL(TAG_PLANTA,INDUSTRIA,LOCALIZACAO) VALUES
('2900','BORRACHA1','RONDONIA');
INSERT INTO PLANTA_INDUSTRIAL(TAG_PLANTA,INDUSTRIA,LOCALIZACAO) VALUES
('3000','BORRACHA2','RORAIMA');
INSERT INTO PLANTA_INDUSTRIAL(TAG_PLANTA,INDUSTRIA,LOCALIZACAO) VALUES
('3100','BORRACHA3','PORTVELHO');
INSERT INTO PLANTA_INDUSTRIAL(TAG_PLANTA,INDUSTRIA,LOCALIZACAO) VALUES
('3200','BORRACHA4','RIOBRANCO');
INSERT INTO PLANTA_INDUSTRIAL(TAG_PLANTA,INDUSTRIA,LOCALIZACAO) VALUES
('3300','BORRACHA5','AMAZONAS');
INSERT INTO PLANTA_INDUSTRIAL(TAG_PLANTA,INDUSTRIA,LOCALIZACAO) VALUES
('3400','BORRACHA6','PARA');
INSERT INTO PLANTA_INDUSTRIAL(TAG_PLANTA,INDUSTRIA,LOCALIZACAO) VALUES
('3500','BORRACHA7','BELEM');
INSERT INTO PLANTA_INDUSTRIAL(TAG_PLANTA,INDUSTRIA,LOCALIZACAO) VALUES
('3600','BORRACHA8','ARACAJU');
INSERT INTO PLANTA_INDUSTRIAL(TAG_PLANTA,INDUSTRIA,LOCALIZACAO) VALUES
('3700','MAQUINAS1','SERGIPE');
INSERT INTO PLANTA_INDUSTRIAL(TAG_PLANTA,INDUSTRIA,LOCALIZACAO) VALUES
('3800','MAQUINAS2','MATOGROSSO');
INSERT INTO PLANTA_INDUSTRIAL(TAG_PLANTA,INDUSTRIA,LOCALIZACAO) VALUES
('3900','MAQUINAS3','BRASILIA');
INSERT INTO PLANTA_INDUSTRIAL(TAG_PLANTA,INDUSTRIA,LOCALIZACAO) VALUES
('4000','MAQUINAS4','BAHIA');
INSERT INTO PLANTA_INDUSTRIAL(TAG_PLANTA,INDUSTRIA,LOCALIZACAO) VALUES
('4100','MAQUINAS5','VALINHOS');
INSERT INTO PLANTA_INDUSTRIAL(TAG_PLANTA,INDUSTRIA,LOCALIZACAO) VALUES
('4200','SEGURANCA1','UBERABA');
INSERT INTO PLANTA_INDUSTRIAL(TAG_PLANTA,INDUSTRIA,LOCALIZACAO) VALUES
('4300','SEGURANCA2','JUIZDEFORA');
INSERT INTO PLANTA_INDUSTRIAL(TAG_PLANTA,INDUSTRIA,LOCALIZACAO) VALUES
('4400','PLASTICO1','TRIUNFO');
INSERT INTO PLANTA_INDUSTRIAL(TAG_PLANTA,INDUSTRIA,LOCALIZACAO) VALUES
('4500','PLASTICO2','PETROLINA');
INSERT INTO PLANTA_INDUSTRIAL(TAG_PLANTA,INDUSTRIA,LOCALIZACAO) VALUES
('4600','PLASTICO3','JUAZEIRO');
INSERT INTO PLANTA_INDUSTRIAL(TAG_PLANTA,INDUSTRIA,LOCALIZACAO) VALUES
('4700','PLASTICO4','RIOJANEIRO');
INSERT INTO PLANTA_INDUSTRIAL(TAG_PLANTA,INDUSTRIA,LOCALIZACAO) VALUES
('4800','PLASTICO5','SAOPAULO');
INSERT INTO PLANTA_INDUSTRIAL(TAG_PLANTA,INDUSTRIA,LOCALIZACAO) VALUES
('4900','PAPEL1','CURITIBA');
INSERT INTO PLANTA_INDUSTRIAL(TAG_PLANTA,INDUSTRIA,LOCALIZACAO) VALUES
('5000','PAPEL2','PARANA');
INSERT INTO PLANTA_INDUSTRIAL(TAG_PLANTA,INDUSTRIA,LOCALIZACAO) VALUES
('5100','PAPEL3','FLORIANOPOLIS');
INSERT INTO PLANTA_INDUSTRIAL(TAG_PLANTA,INDUSTRIA,LOCALIZACAO) VALUES
('5200','PAPEL4','PORTOALEGRE');
--PROJETOS
INSERT INTO PROJETOS(COD_PROJ,CLIENTE,DESCRICAO) VALUES
('7475001','JOAO','PROJETO_1');
INSERT INTO PROJETOS(COD_PROJ,CLIENTE,DESCRICAO) VALUES
('7475002','MARIA','PROJETO_2');
INSERT INTO PROJETOS(COD_PROJ,CLIENTE,DESCRICAO) VALUES
('7475003','PEDRO','PROJETO_3');
INSERT INTO PROJETOS(COD_PROJ,CLIENTE,DESCRICAO) VALUES
('7475004','PAULO','PROJETO_4');
INSERT INTO PROJETOS(COD_PROJ,CLIENTE,DESCRICAO) VALUES ('7475005','JOSE','PROJETO_5');
INSERT INTO PROJETOS(COD_PROJ,CLIENTE,DESCRICAO) VALUES
('7475006','JOAO','PROJETO_6');
INSERT INTO PROJETOS(COD_PROJ,CLIENTE,DESCRICAO) VALUES
('7489001','MARIA','PROJETO_7');
INSERT INTO PROJETOS(COD_PROJ,CLIENTE,DESCRICAO) VALUES
('7489002','PEDRO','PROJETO_8');
INSERT INTO PROJETOS(COD_PROJ,CLIENTE,DESCRICAO) VALUES
('7489003','PAULO','PROJETO_9');
INSERT INTO PROJETOS(COD_PROJ,CLIENTE,DESCRICAO) VALUES
('7489004','JOSE','PROJETO_10');
INSERT INTO PROJETOS(COD_PROJ,CLIENTE,DESCRICAO) VALUES
('7489005','JOAO','PROJETO_11');
INSERT INTO PROJETOS(COD_PROJ,CLIENTE,DESCRICAO) VALUES
('7489006','MARIA','PROJETO_12');
INSERT INTO PROJETOS(COD_PROJ,CLIENTE,DESCRICAO) VALUES
('9898001','PAULO','PROJETO_13');
INSERT INTO PROJETOS(COD_PROJ,CLIENTE,DESCRICAO) VALUES
('9898002','JOSE','PROJETO_14');
INSERT INTO PROJETOS(COD_PROJ,CLIENTE,DESCRICAO) VALUES
('9898003','JOAO','PROJETO_15');
INSERT INTO PROJETOS(COD_PROJ,CLIENTE,DESCRICAO) VALUES
('9898004','MARIA','PROJETO_16');
INSERT INTO PROJETOS(COD_PROJ,CLIENTE,DESCRICAO) VALUES
('9898005','PAULO','PROJETO_17');
INSERT INTO PROJETOS(COD_PROJ,CLIENTE,DESCRICAO) VALUES
('9898006','JOSE','PROJETO_18');
INSERT INTO PROJETOS(COD_PROJ,CLIENTE,DESCRICAO) VALUES
('9898007','JOAO','PROJETO_19');
INSERT INTO PROJETOS(COD_PROJ,CLIENTE,DESCRICAO) VALUES
('9898008','MARIA','PROJETO_20');
INSERT INTO PROJETOS(COD_PROJ,CLIENTE,DESCRICAO) VALUES
('9898009','PAULO','PROJETO_21');
--EXECUCAO
INSERT INTO EXECUCAO(CPF,COD_PROJ,TAG_PLANTA,DATA_EXEC) VALUES
('41709757064','7475001','2100', DATE '2014-7-26');
INSERT INTO EXECUCAO(CPF,COD_PROJ,TAG_PLANTA,DATA_EXEC) VALUES
('34546780998','7475002','2200', DATE '2007-7-12');
INSERT INTO EXECUCAO(CPF,COD_PROJ,TAG_PLANTA,DATA_EXEC) VALUES
('28991470094','7475003','2300', DATE '2001-7-17');
INSERT INTO EXECUCAO(CPF,COD_PROJ,TAG_PLANTA,DATA_EXEC) VALUES
('58755270268','7475004','2400', DATE '2009-1-9');
INSERT INTO EXECUCAO(CPF,COD_PROJ,TAG_PLANTA,DATA_EXEC) VALUES
('38176643074','7475005','2500', DATE '2017-2-23');
INSERT INTO EXECUCAO(CPF,COD_PROJ,TAG_PLANTA,DATA_EXEC) VALUES
('57442097952','7475006','2600', DATE '2011-6-9');
INSERT INTO EXECUCAO(CPF,COD_PROJ,TAG_PLANTA,DATA_EXEC) VALUES
('95545009491','7489001','2700', DATE '2007-2-11');
INSERT INTO EXECUCAO(CPF,COD_PROJ,TAG_PLANTA,DATA_EXEC) VALUES
('45562573967','7489002','2800', DATE '2004-2-16');
INSERT INTO EXECUCAO(CPF,COD_PROJ,TAG_PLANTA,DATA_EXEC) VALUES
('28991470094','7489003','2900', DATE '2013-4-2');
INSERT INTO EXECUCAO(CPF,COD_PROJ,TAG_PLANTA,DATA_EXEC) VALUES
('65122113204','7489004','3000', DATE '2003-7-26');
INSERT INTO EXECUCAO(CPF,COD_PROJ,TAG_PLANTA,DATA_EXEC) VALUES
('76483044828','7489005','3100', DATE '2002-12-20');
INSERT INTO EXECUCAO(CPF,COD_PROJ,TAG_PLANTA,DATA_EXEC) VALUES
('46730452121','7489006','3200', DATE '2002-7-24');
INSERT INTO EXECUCAO(CPF,COD_PROJ,TAG_PLANTA,DATA_EXEC) VALUES
('95545009491','9898001','3300', DATE '2000-11-26');
INSERT INTO EXECUCAO(CPF,COD_PROJ,TAG_PLANTA,DATA_EXEC) VALUES
('49562653199','9898002','3400', DATE '2013-7-15');
INSERT INTO EXECUCAO(CPF,COD_PROJ,TAG_PLANTA,DATA_EXEC) VALUES
('78751982023','9898003','3500', DATE '2018-4-7');
INSERT INTO EXECUCAO(CPF,COD_PROJ,TAG_PLANTA,DATA_EXEC) VALUES
('58755270268','9898004','3600', DATE '2018-5-17');
INSERT INTO EXECUCAO(CPF,COD_PROJ,TAG_PLANTA,DATA_EXEC) VALUES
('41709757064','9898005','3700', DATE '2018-10-28');
INSERT INTO EXECUCAO(CPF,COD_PROJ,TAG_PLANTA,DATA_EXEC) VALUES
('34546780998','9898006','3800', DATE '2000-2-7');
INSERT INTO EXECUCAO(CPF,COD_PROJ,TAG_PLANTA,DATA_EXEC) VALUES
('28991470094','9898007','3900', DATE '2002-10-5');
INSERT INTO EXECUCAO(CPF,COD_PROJ,TAG_PLANTA,DATA_EXEC) VALUES
('58755270268','9898008','4000', DATE '2013-3-23');
INSERT INTO EXECUCAO(CPF,COD_PROJ,TAG_PLANTA,DATA_EXEC) VALUES
('38176643074','9898009','4100', DATE '2017-11-11');
INSERT INTO EXECUCAO(CPF,COD_PROJ,TAG_PLANTA,DATA_EXEC) VALUES
('57442097952','7489002','4200', DATE '2010-4-22');
INSERT INTO EXECUCAO(CPF,COD_PROJ,TAG_PLANTA,DATA_EXEC) VALUES
('95545009491','7489003','4300', DATE '2004-11-15');
INSERT INTO EXECUCAO(CPF,COD_PROJ,TAG_PLANTA,DATA_EXEC) VALUES
('45562573967','7489004','4400', DATE '2018-2-1');
INSERT INTO EXECUCAO(CPF,COD_PROJ,TAG_PLANTA,DATA_EXEC) VALUES
('28991470094','7489005','4500', DATE '2010-1-9');
INSERT INTO EXECUCAO(CPF,COD_PROJ,TAG_PLANTA,DATA_EXEC) VALUES
('65122113204','7489006','4600', DATE '2010-1-14');
INSERT INTO EXECUCAO(CPF,COD_PROJ,TAG_PLANTA,DATA_EXEC) VALUES
('76483044828','9898007','4700', DATE '2008-4-15');
INSERT INTO EXECUCAO(CPF,COD_PROJ,TAG_PLANTA,DATA_EXEC) VALUES
('46730452121','9898008','4800', DATE '2001-8-19');
INSERT INTO EXECUCAO(CPF,COD_PROJ,TAG_PLANTA,DATA_EXEC) VALUES
('95545009491','9898009','4900', DATE '2016-9-17');
INSERT INTO EXECUCAO(CPF,COD_PROJ,TAG_PLANTA,DATA_EXEC) VALUES
('49562653199','7489006','5000', DATE '2002-5-16');
INSERT INTO EXECUCAO(CPF,COD_PROJ,TAG_PLANTA,DATA_EXEC) VALUES
('78751982023','7475001','5100', DATE '2006-5-10');
INSERT INTO EXECUCAO(CPF,COD_PROJ,TAG_PLANTA,DATA_EXEC) VALUES
('58755270268','7475002','5200', DATE '2003-4-21');
--FLUXOGRAMA
INSERT INTO FLUXOGRAMA(COD_FLUX,NUM_DOC,AREA,CPF) VALUES
('999001001','1','1100','41709757064');
INSERT INTO FLUXOGRAMA(COD_FLUX,NUM_DOC,AREA,CPF) VALUES
('999001002','1','1200','34546780998');
INSERT INTO FLUXOGRAMA(COD_FLUX,NUM_DOC,AREA,CPF) VALUES
('999001003','2','1300','28991470094');
INSERT INTO FLUXOGRAMA(COD_FLUX,NUM_DOC,AREA,CPF) VALUES
('999001004','2','1400','58755270268');
INSERT INTO FLUXOGRAMA(COD_FLUX,NUM_DOC,AREA,CPF) VALUES
('999001005','2','1500','38176643074');
INSERT INTO FLUXOGRAMA(COD_FLUX,NUM_DOC,AREA,CPF) VALUES
('999001006','2','1600','57442097952');
INSERT INTO FLUXOGRAMA(COD_FLUX,NUM_DOC,AREA,CPF) VALUES
('999001007','3','1700','95545009491');
INSERT INTO FLUXOGRAMA(COD_FLUX,NUM_DOC,AREA,CPF) VALUES
('110291001','3','1800','45562573967');
INSERT INTO FLUXOGRAMA(COD_FLUX,NUM_DOC,AREA,CPF) VALUES
('110291002','3','1900','28991470094');
INSERT INTO FLUXOGRAMA(COD_FLUX,NUM_DOC,AREA,CPF) VALUES
('110291003','3','2000','65122113204');
INSERT INTO FLUXOGRAMA(COD_FLUX,NUM_DOC,AREA,CPF) VALUES
('110291004','4','2100','28991470094');
INSERT INTO FLUXOGRAMA(COD_FLUX,NUM_DOC,AREA,CPF) VALUES
('110291005','4','2200','58755270268');
INSERT INTO FLUXOGRAMA(COD_FLUX,NUM_DOC,AREA,CPF) VALUES
('110291006','4','2300','38176643074');
INSERT INTO FLUXOGRAMA(COD_FLUX,NUM_DOC,AREA,CPF) VALUES
('110291007','4','2400','57442097952');
INSERT INTO FLUXOGRAMA(COD_FLUX,NUM_DOC,AREA,CPF) VALUES
('110291008','5','2500','95545009491');
INSERT INTO FLUXOGRAMA(COD_FLUX,NUM_DOC,AREA,CPF) VALUES
('110291009','5','2600','45562573967');
--FLUXO_PROJ
INSERT INTO FLUX_PROJ(COD_FLUX,COD_PROJ) VALUES ('999001001','7475001');
INSERT INTO FLUX_PROJ(COD_FLUX,COD_PROJ) VALUES ('999001002','7475002');
INSERT INTO FLUX_PROJ(COD_FLUX,COD_PROJ) VALUES ('999001003','7475003');
INSERT INTO FLUX_PROJ(COD_FLUX,COD_PROJ) VALUES ('999001004','7475004');
INSERT INTO FLUX_PROJ(COD_FLUX,COD_PROJ) VALUES ('999001005','7475005');
INSERT INTO FLUX_PROJ(COD_FLUX,COD_PROJ) VALUES ('999001006','7475006');
INSERT INTO FLUX_PROJ(COD_FLUX,COD_PROJ) VALUES ('999001007','7489001');
INSERT INTO FLUX_PROJ(COD_FLUX,COD_PROJ) VALUES ('110291001','7489002');
INSERT INTO FLUX_PROJ(COD_FLUX,COD_PROJ) VALUES ('110291002','7489003');
INSERT INTO FLUX_PROJ(COD_FLUX,COD_PROJ) VALUES ('110291003','7489004');
INSERT INTO FLUX_PROJ(COD_FLUX,COD_PROJ) VALUES ('110291004','7489005');
INSERT INTO FLUX_PROJ(COD_FLUX,COD_PROJ) VALUES ('110291005','7489006');
INSERT INTO FLUX_PROJ(COD_FLUX,COD_PROJ) VALUES ('110291006','9898001');
INSERT INTO FLUX_PROJ(COD_FLUX,COD_PROJ) VALUES ('110291007','9898002');
INSERT INTO FLUX_PROJ(COD_FLUX,COD_PROJ) VALUES ('110291008','9898003');
INSERT INTO FLUX_PROJ(COD_FLUX,COD_PROJ) VALUES ('110291009','9898004');
--INSTRUMENTOS
INSERT INTO INSTRUMENTOS (TAG_INST,DATA_FAB,UNID_ENG,MIN_VAL,MAX_VAL) VALUES ('LI101',
DATE '2005-10-1','%',0,100);
INSERT INTO INSTRUMENTOS (TAG_INST,DATA_FAB,UNID_ENG,MIN_VAL,MAX_VAL) VALUES ('LI102',
DATE '2017-10-15','%',0,90);
INSERT INTO INSTRUMENTOS (TAG_INST,DATA_FAB,UNID_ENG,MIN_VAL,MAX_VAL) VALUES ('LI103',
DATE '2013-7-26','%',5,95);
INSERT INTO INSTRUMENTOS (TAG_INST,DATA_FAB,UNID_ENG,MIN_VAL,MAX_VAL) VALUES ('LI104',
DATE '2005-2-20','%',-10,10);
INSERT INTO INSTRUMENTOS (TAG_INST,DATA_FAB,UNID_ENG,MIN_VAL,MAX_VAL) VALUES ('LI105',
DATE '2017-9-24','%',0,50);
INSERT INTO INSTRUMENTOS (TAG_INST,DATA_FAB,UNID_ENG,MIN_VAL,MAX_VAL) VALUES ('TI101',
DATE '2006-1-3','ºC',0,50);
INSERT INTO INSTRUMENTOS (TAG_INST,DATA_FAB,UNID_ENG,MIN_VAL,MAX_VAL) VALUES ('TI102',
DATE '2013-6-3','ºC',50,100);
INSERT INTO INSTRUMENTOS (TAG_INST,DATA_FAB,UNID_ENG,MIN_VAL,MAX_VAL) VALUES ('TI103',
DATE '2013-11-21','ºF',50,150);
INSERT INTO INSTRUMENTOS (TAG_INST,DATA_FAB,UNID_ENG,MIN_VAL,MAX_VAL) VALUES ('TI104',
DATE '2015-3-30','ºF',150,220);
INSERT INTO INSTRUMENTOS (TAG_INST,DATA_FAB,UNID_ENG,MIN_VAL,MAX_VAL) VALUES ('TI105',
DATE '2009-7-7','ºC',150,220);
INSERT INTO INSTRUMENTOS (TAG_INST,DATA_FAB,UNID_ENG,MIN_VAL,MAX_VAL) VALUES ('FI101',
DATE '2003-6-2','m3/h',0,25);
INSERT INTO INSTRUMENTOS (TAG_INST,DATA_FAB,UNID_ENG,MIN_VAL,MAX_VAL) VALUES ('FI102',
DATE '2013-1-2','m3/h',0,25);
INSERT INTO INSTRUMENTOS (TAG_INST,DATA_FAB,UNID_ENG,MIN_VAL,MAX_VAL) VALUES ('FI103',
DATE '2002-8-3','m3/h',0,10);
INSERT INTO INSTRUMENTOS (TAG_INST,DATA_FAB,UNID_ENG,MIN_VAL,MAX_VAL) VALUES ('FI104',
DATE '2005-5-24','L/min',0,10);
INSERT INTO INSTRUMENTOS (TAG_INST,DATA_FAB,UNID_ENG,MIN_VAL,MAX_VAL) VALUES ('FI105',
DATE '2008-9-8','L/min',0,5);
INSERT INTO INSTRUMENTOS (TAG_INST,DATA_FAB,UNID_ENG,MIN_VAL,MAX_VAL) VALUES
('PI101', DATE '2006-9-7','bar',-5,5);
INSERT INTO INSTRUMENTOS (TAG_INST,DATA_FAB,UNID_ENG,MIN_VAL,MAX_VAL) VALUES
('PI102', DATE '2003-1-26','bar',-5,5);
INSERT INTO INSTRUMENTOS (TAG_INST,DATA_FAB,UNID_ENG,MIN_VAL,MAX_VAL) VALUES
('PI103', DATE '2010-4-18','bar',-10,20);
INSERT INTO INSTRUMENTOS (TAG_INST,DATA_FAB,UNID_ENG,MIN_VAL,MAX_VAL) VALUES
('PI104', DATE '2006-11-17','psi',10,30);
INSERT INTO INSTRUMENTOS (TAG_INST,DATA_FAB,UNID_ENG,MIN_VAL,MAX_VAL) VALUES
('PI105', DATE '2010-9-4','psi',0,5);
INSERT INTO INSTRUMENTOS (TAG_INST,DATA_FAB,UNID_ENG,MIN_VAL,MAX_VAL) VALUES
('ACT101', DATE '2001-10-16','%',0,1);
INSERT INTO INSTRUMENTOS (TAG_INST,DATA_FAB,UNID_ENG,MIN_VAL,MAX_VAL) VALUES
('ACT102', DATE '2011-2-7','%',0,1);
INSERT INTO INSTRUMENTOS (TAG_INST,DATA_FAB,UNID_ENG,MIN_VAL,MAX_VAL) VALUES
('ACT103', DATE '2009-8-21','%',0,1);
INSERT INTO INSTRUMENTOS (TAG_INST,DATA_FAB,UNID_ENG,MIN_VAL,MAX_VAL) VALUES
('ACT104', DATE '2001-10-7','%',0,1);
INSERT INTO INSTRUMENTOS (TAG_INST,DATA_FAB,UNID_ENG,MIN_VAL,MAX_VAL) VALUES
('ACT105', DATE '2013-8-20','%',0,1);
INSERT INTO INSTRUMENTOS (TAG_INST,DATA_FAB,UNID_ENG,MIN_VAL,MAX_VAL) VALUES
('ACT106', DATE '2016-6-24','%',0,1);
INSERT INTO INSTRUMENTOS (TAG_INST,DATA_FAB,UNID_ENG,MIN_VAL,MAX_VAL) VALUES
('ACT107', DATE '2008-2-4','%',0,1);
INSERT INTO INSTRUMENTOS (TAG_INST,DATA_FAB,UNID_ENG,MIN_VAL,MAX_VAL) VALUES
('ACT108', DATE '2014-4-4','%',0,1);
INSERT INTO INSTRUMENTOS (TAG_INST,DATA_FAB,UNID_ENG,MIN_VAL,MAX_VAL) VALUES
('ACT109', DATE '2013-7-11','%',0,1);
INSERT INTO INSTRUMENTOS (TAG_INST,DATA_FAB,UNID_ENG,MIN_VAL,MAX_VAL) VALUES
('ACT110', DATE '2017-4-16','%',0,1);
INSERT INTO INSTRUMENTOS (TAG_INST,DATA_FAB,UNID_ENG,MIN_VAL,MAX_VAL) VALUES
('POS101', DATE '2007-5-16','%',0,1);
INSERT INTO INSTRUMENTOS (TAG_INST,DATA_FAB,UNID_ENG,MIN_VAL,MAX_VAL) VALUES
('POS102', DATE '2011-2-19','%',0,1);
INSERT INTO INSTRUMENTOS (TAG_INST,DATA_FAB,UNID_ENG,MIN_VAL,MAX_VAL) VALUES
('POS103', DATE '2018-2-1','%',0,1);
INSERT INTO INSTRUMENTOS (TAG_INST,DATA_FAB,UNID_ENG,MIN_VAL,MAX_VAL) VALUES
('POS104', DATE '2013-8-2','%',0,1);
INSERT INTO INSTRUMENTOS (TAG_INST,DATA_FAB,UNID_ENG,MIN_VAL,MAX_VAL) VALUES
('POS105', DATE '2017-12-23','%',0,1);
INSERT INTO INSTRUMENTOS (TAG_INST,DATA_FAB,UNID_ENG,MIN_VAL,MAX_VAL) VALUES
('PV101', DATE '2017-5-7','%',0,50);
INSERT INTO INSTRUMENTOS (TAG_INST,DATA_FAB,UNID_ENG,MIN_VAL,MAX_VAL) VALUES
('PV102', DATE '2018-9-21','%',0,100);
INSERT INTO INSTRUMENTOS (TAG_INST,DATA_FAB,UNID_ENG,MIN_VAL,MAX_VAL) VALUES
('PV103', DATE '2013-11-9','%',0,50);
INSERT INTO INSTRUMENTOS (TAG_INST,DATA_FAB,UNID_ENG,MIN_VAL,MAX_VAL) VALUES
('PV104', DATE '2015-3-14','%',0,100);
INSERT INTO INSTRUMENTOS (TAG_INST,DATA_FAB,UNID_ENG,MIN_VAL,MAX_VAL) VALUES
('PV105', DATE '2003-2-19','%',10,95);
INSERT INTO INSTRUMENTOS (TAG_INST,DATA_FAB,UNID_ENG,MIN_VAL,MAX_VAL) VALUES
('PV106', DATE '2017-7-8','%',0,100);
INSERT INTO INSTRUMENTOS (TAG_INST,DATA_FAB,UNID_ENG,MIN_VAL,MAX_VAL) VALUES
('PV107', DATE '2003-2-19','%',0,100);
INSERT INTO INSTRUMENTOS (TAG_INST,DATA_FAB,UNID_ENG,MIN_VAL,MAX_VAL) VALUES
('PV108', DATE '2012-1-25','%',5,95);
INSERT INTO INSTRUMENTOS (TAG_INST,DATA_FAB,UNID_ENG,MIN_VAL,MAX_VAL) VALUES
('PV109', DATE '2000-3-27','%',0,100);
INSERT INTO INSTRUMENTOS (TAG_INST,DATA_FAB,UNID_ENG,MIN_VAL,MAX_VAL) VALUES
('PV110', DATE '2006-9-6','%',10,100);
INSERT INTO INSTRUMENTOS (TAG_INST,DATA_FAB,UNID_ENG,MIN_VAL,MAX_VAL) VALUES
('FV101', DATE '2002-10-12','%',0,100);
INSERT INTO INSTRUMENTOS (TAG_INST,DATA_FAB,UNID_ENG,MIN_VAL,MAX_VAL) VALUES
('FV102', DATE '2015-2-18','%',10,95);
INSERT INTO INSTRUMENTOS (TAG_INST,DATA_FAB,UNID_ENG,MIN_VAL,MAX_VAL) VALUES
('FV103', DATE '2006-4-19','%',0,100);
INSERT INTO INSTRUMENTOS (TAG_INST,DATA_FAB,UNID_ENG,MIN_VAL,MAX_VAL) VALUES
('FV104', DATE '2006-5-19','%',5,100);
INSERT INTO INSTRUMENTOS (TAG_INST,DATA_FAB,UNID_ENG,MIN_VAL,MAX_VAL) VALUES
('FV105', DATE '2010-3-14','%',0,100);
INSERT INTO INSTRUMENTOS (TAG_INST,DATA_FAB,UNID_ENG,MIN_VAL,MAX_VAL) VALUES
('FV106', DATE '2001-10-16','%',5,95);
INSERT INTO INSTRUMENTOS (TAG_INST,DATA_FAB,UNID_ENG,MIN_VAL,MAX_VAL) VALUES
('FV107', DATE '2004-8-13','%',0,100);
INSERT INTO INSTRUMENTOS (TAG_INST,DATA_FAB,UNID_ENG,MIN_VAL,MAX_VAL) VALUES
('FV108', DATE '2002-5-20','%',10,95);
INSERT INTO INSTRUMENTOS (TAG_INST,DATA_FAB,UNID_ENG,MIN_VAL,MAX_VAL) VALUES
('FV109', DATE '2004-12-28','%',0,100);
INSERT INTO INSTRUMENTOS (TAG_INST,DATA_FAB,UNID_ENG,MIN_VAL,MAX_VAL) VALUES
('FV110', DATE '2017-10-14','%',5,100);
INSERT INTO INSTRUMENTOS (TAG_INST,DATA_FAB,UNID_ENG,MIN_VAL,MAX_VAL) VALUES
('PSH101', DATE '2007-10-16','bar',0,1);
INSERT INTO INSTRUMENTOS (TAG_INST,DATA_FAB,UNID_ENG,MIN_VAL,MAX_VAL) VALUES
('PSH102', DATE '2009-8-22','bar',0,1);
INSERT INTO INSTRUMENTOS (TAG_INST,DATA_FAB,UNID_ENG,MIN_VAL,MAX_VAL) VALUES
('PSH103', DATE '2016-5-12','bar',0,1);
INSERT INTO INSTRUMENTOS (TAG_INST,DATA_FAB,UNID_ENG,MIN_VAL,MAX_VAL) VALUES
('PSH104', DATE '2000-2-23','bar',0,1);
INSERT INTO INSTRUMENTOS (TAG_INST,DATA_FAB,UNID_ENG,MIN_VAL,MAX_VAL) VALUES
('PSH105', DATE '2009-1-26','bar',0,1);
INSERT INTO INSTRUMENTOS (TAG_INST,DATA_FAB,UNID_ENG,MIN_VAL,MAX_VAL) VALUES
('PSL101', DATE '2000-2-9','bar',0,1);
INSERT INTO INSTRUMENTOS (TAG_INST,DATA_FAB,UNID_ENG,MIN_VAL,MAX_VAL) VALUES
('PSL102', DATE '2016-5-12','bar',0,1);
INSERT INTO INSTRUMENTOS (TAG_INST,DATA_FAB,UNID_ENG,MIN_VAL,MAX_VAL) VALUES
('PSL103', DATE '2000-2-23','bar',0,1);
INSERT INTO INSTRUMENTOS (TAG_INST,DATA_FAB,UNID_ENG,MIN_VAL,MAX_VAL) VALUES
('PSL104', DATE '2009-1-26','bar',0,1);
INSERT INTO INSTRUMENTOS (TAG_INST,DATA_FAB,UNID_ENG,MIN_VAL,MAX_VAL) VALUES
('PSL105', DATE '2000-2-9','bar',0,1);
--FLUXO_INST
INSERT INTO FLUXOINST(COD_FLUX,TAG_INST) VALUES (999001001,'LI101');
INSERT INTO FLUXOINST(COD_FLUX,TAG_INST) VALUES (999001002,'LI102');
INSERT INTO FLUXOINST(COD_FLUX,TAG_INST) VALUES (999001003,'LI103');
INSERT INTO FLUXOINST(COD_FLUX,TAG_INST) VALUES (999001004,'LI104');
INSERT INTO FLUXOINST(COD_FLUX,TAG_INST) VALUES (999001005,'LI105');
INSERT INTO FLUXOINST(COD_FLUX,TAG_INST) VALUES (999001001,'TI101');
INSERT INTO FLUXOINST(COD_FLUX,TAG_INST) VALUES (999001002,'TI102');
INSERT INTO FLUXOINST(COD_FLUX,TAG_INST) VALUES (999001003,'TI103');
INSERT INTO FLUXOINST(COD_FLUX,TAG_INST) VALUES (999001004,'TI104');
INSERT INTO FLUXOINST(COD_FLUX,TAG_INST) VALUES (999001005,'TI105');
INSERT INTO FLUXOINST(COD_FLUX,TAG_INST) VALUES (999001006,'FI101');
INSERT INTO FLUXOINST(COD_FLUX,TAG_INST) VALUES (999001007,'FI102');
INSERT INTO FLUXOINST(COD_FLUX,TAG_INST) VALUES (110291001,'FI103');
INSERT INTO FLUXOINST(COD_FLUX,TAG_INST) VALUES (999001001,'FI104');
INSERT INTO FLUXOINST(COD_FLUX,TAG_INST) VALUES (999001002,'FI105');
INSERT INTO FLUXOINST(COD_FLUX,TAG_INST) VALUES (999001003,'PI101');
INSERT INTO FLUXOINST(COD_FLUX,TAG_INST) VALUES (999001004,'PI102');
INSERT INTO FLUXOINST(COD_FLUX,TAG_INST) VALUES (999001005,'PI103');
INSERT INTO FLUXOINST(COD_FLUX,TAG_INST) VALUES (999001006,'PI104');
INSERT INTO FLUXOINST(COD_FLUX,TAG_INST) VALUES (999001007,'PI105');
INSERT INTO FLUXOINST(COD_FLUX,TAG_INST) VALUES (110291001,'ACT101');
INSERT INTO FLUXOINST(COD_FLUX,TAG_INST) VALUES (110291002,'ACT102');
INSERT INTO FLUXOINST(COD_FLUX,TAG_INST) VALUES (110291003,'ACT103');
INSERT INTO FLUXOINST(COD_FLUX,TAG_INST) VALUES (110291004,'ACT104');
INSERT INTO FLUXOINST(COD_FLUX,TAG_INST) VALUES (110291005,'ACT105');
INSERT INTO FLUXOINST(COD_FLUX,TAG_INST) VALUES (110291006,'ACT106');
INSERT INTO FLUXOINST(COD_FLUX,TAG_INST) VALUES (110291007,'ACT107');
INSERT INTO FLUXOINST(COD_FLUX,TAG_INST) VALUES (110291008,'ACT108');
INSERT INTO FLUXOINST(COD_FLUX,TAG_INST) VALUES (999001001,'ACT109');
INSERT INTO FLUXOINST(COD_FLUX,TAG_INST) VALUES (999001002,'ACT110');
INSERT INTO FLUXOINST(COD_FLUX,TAG_INST) VALUES (999001003,'POS101');
INSERT INTO FLUXOINST(COD_FLUX,TAG_INST) VALUES (999001004,'POS102');
INSERT INTO FLUXOINST(COD_FLUX,TAG_INST) VALUES (999001005,'POS103');
INSERT INTO FLUXOINST(COD_FLUX,TAG_INST) VALUES (999001006,'POS104');
INSERT INTO FLUXOINST(COD_FLUX,TAG_INST) VALUES (999001007,'POS105');
INSERT INTO FLUXOINST(COD_FLUX,TAG_INST) VALUES (110291001,'PV101');
INSERT INTO FLUXOINST(COD_FLUX,TAG_INST) VALUES (110291002,'PV102');
INSERT INTO FLUXOINST(COD_FLUX,TAG_INST) VALUES (110291003,'PV103');
INSERT INTO FLUXOINST(COD_FLUX,TAG_INST) VALUES (999001001,'PV104');
INSERT INTO FLUXOINST(COD_FLUX,TAG_INST) VALUES (999001002,'PV105');
INSERT INTO FLUXOINST(COD_FLUX,TAG_INST) VALUES (999001003,'PV106');
INSERT INTO FLUXOINST(COD_FLUX,TAG_INST) VALUES (999001004,'PV107');
INSERT INTO FLUXOINST(COD_FLUX,TAG_INST) VALUES (999001005,'PV108');
INSERT INTO FLUXOINST(COD_FLUX,TAG_INST) VALUES (999001006,'PV109');
INSERT INTO FLUXOINST(COD_FLUX,TAG_INST) VALUES (999001007,'PV110');
INSERT INTO FLUXOINST(COD_FLUX,TAG_INST) VALUES (110291001,'FV101');
INSERT INTO FLUXOINST(COD_FLUX,TAG_INST) VALUES (110291002,'FV102');
INSERT INTO FLUXOINST(COD_FLUX,TAG_INST) VALUES (110291003,'FV103');
INSERT INTO FLUXOINST(COD_FLUX,TAG_INST) VALUES (110291004,'FV104');
INSERT INTO FLUXOINST(COD_FLUX,TAG_INST) VALUES (999001001,'FV105');
INSERT INTO FLUXOINST(COD_FLUX,TAG_INST) VALUES (999001002,'FV106');
INSERT INTO FLUXOINST(COD_FLUX,TAG_INST) VALUES (999001003,'FV107');
INSERT INTO FLUXOINST(COD_FLUX,TAG_INST) VALUES (999001004,'FV108');
INSERT INTO FLUXOINST(COD_FLUX,TAG_INST) VALUES (999001005,'FV109');
INSERT INTO FLUXOINST(COD_FLUX,TAG_INST) VALUES (999001006,'FV110');
INSERT INTO FLUXOINST(COD_FLUX,TAG_INST) VALUES (999001007,'PSH101');
INSERT INTO FLUXOINST(COD_FLUX,TAG_INST) VALUES (110291001,'PSH102');
INSERT INTO FLUXOINST(COD_FLUX,TAG_INST) VALUES (110291002,'PSH103');
INSERT INTO FLUXOINST(COD_FLUX,TAG_INST) VALUES (110291003,'PSH104');
INSERT INTO FLUXOINST(COD_FLUX,TAG_INST) VALUES (110291004,'PSH105');
INSERT INTO FLUXOINST(COD_FLUX,TAG_INST) VALUES (110291005,'PSL101');
INSERT INTO FLUXOINST(COD_FLUX,TAG_INST) VALUES (110291006,'PSL102');
INSERT INTO FLUXOINST(COD_FLUX,TAG_INST) VALUES (110291007,'PSL103');
INSERT INTO FLUXOINST(COD_FLUX,TAG_INST) VALUES (110291008,'PSL104');
INSERT INTO FLUXOINST(COD_FLUX,TAG_INST) VALUES (110291009,'PSL105');
--SENSORES
INSERT INTO SENSORES(TAG_INST,FUNCAO,SINAL,SENSIBILIDADE) VALUES
('LI101','NIVEL','ANALOGICO',5);
INSERT INTO SENSORES(TAG_INST,FUNCAO,SINAL,SENSIBILIDADE) VALUES
('LI102','NIVEL','ANALOGICO',5);
INSERT INTO SENSORES(TAG_INST,FUNCAO,SINAL,SENSIBILIDADE) VALUES
('LI103','NIVEL','ANALOGICO',10);
INSERT INTO SENSORES(TAG_INST,FUNCAO,SINAL,SENSIBILIDADE) VALUES
('LI104','NIVEL','ANALOGICO',10);
INSERT INTO SENSORES(TAG_INST,FUNCAO,SINAL,SENSIBILIDADE) VALUES
('LI105','NIVEL','ANALOGICO',5);
INSERT INTO SENSORES(TAG_INST,FUNCAO,SINAL,SENSIBILIDADE) VALUES
('TI101','TEMPERATURA','ANALOGICO',5);
INSERT INTO SENSORES(TAG_INST,FUNCAO,SINAL,SENSIBILIDADE) VALUES
('TI102','TEMPERATURA','ANALOGICO',15);
INSERT INTO SENSORES(TAG_INST,FUNCAO,SINAL,SENSIBILIDADE) VALUES
('TI103','TEMPERATURA','ANALOGICO',5);
INSERT INTO SENSORES(TAG_INST,FUNCAO,SINAL,SENSIBILIDADE) VALUES
('TI104','TEMPERATURA','ANALOGICO',10);
INSERT INTO SENSORES(TAG_INST,FUNCAO,SINAL,SENSIBILIDADE) VALUES
('TI105','TEMPERATURA','ANALOGICO',10);
INSERT INTO SENSORES(TAG_INST,FUNCAO,SINAL,SENSIBILIDADE) VALUES
('FI101','VAZAO','ANALOGICO',5);
INSERT INTO SENSORES(TAG_INST,FUNCAO,SINAL,SENSIBILIDADE) VALUES
('FI102','VAZAO','ANALOGICO',5);
INSERT INTO SENSORES(TAG_INST,FUNCAO,SINAL,SENSIBILIDADE) VALUES
('FI103','VAZAO','ANALOGICO',15);
INSERT INTO SENSORES(TAG_INST,FUNCAO,SINAL,SENSIBILIDADE) VALUES
('FI104','VAZAO','ANALOGICO',5);
INSERT INTO SENSORES(TAG_INST,FUNCAO,SINAL,SENSIBILIDADE) VALUES
('FI105','VAZAO','ANALOGICO',10);
INSERT INTO SENSORES(TAG_INST,FUNCAO,SINAL,SENSIBILIDADE) VALUES
('PI101','PRESSAO','ANALOGICO',10);
INSERT INTO SENSORES(TAG_INST,FUNCAO,SINAL,SENSIBILIDADE) VALUES
('PI102','PRESSAO','ANALOGICO',5);
INSERT INTO SENSORES(TAG_INST,FUNCAO,SINAL,SENSIBILIDADE) VALUES
('PI103','PRESSAO','ANALOGICO',5);
INSERT INTO SENSORES(TAG_INST,FUNCAO,SINAL,SENSIBILIDADE) VALUES
('PI104','PRESSAO','ANALOGICO',15);
INSERT INTO SENSORES(TAG_INST,FUNCAO,SINAL,SENSIBILIDADE) VALUES
('PI105','PRESSAO','ANALOGICO',5);
--VALVULAS
INSERT INTO VALVULAS(TAG_INST,ESTRUTURA,DIAMETRO,VEDACAO) VALUES
('PV101','ESFERICA',22,'BM');
INSERT INTO VALVULAS(TAG_INST,ESTRUTURA,DIAMETRO,VEDACAO) VALUES
('PV102','AGULHA',24,'BB');
INSERT INTO VALVULAS(TAG_INST,ESTRUTURA,DIAMETRO,VEDACAO) VALUES
('PV103','AGULHA',16,'MM');
INSERT INTO VALVULAS(TAG_INST,ESTRUTURA,DIAMETRO,VEDACAO) VALUES
('PV104','ESFERICA',24,'BM');
INSERT INTO VALVULAS(TAG_INST,ESTRUTURA,DIAMETRO,VEDACAO) VALUES
('PV105','ESFERICA',5,'BB');
INSERT INTO VALVULAS(TAG_INST,ESTRUTURA,DIAMETRO,VEDACAO) VALUES
('PV106','ESFERICA',3,'MM');
INSERT INTO VALVULAS(TAG_INST,ESTRUTURA,DIAMETRO,VEDACAO) VALUES
('PV107','AGULHA',4,'BM');
INSERT INTO VALVULAS(TAG_INST,ESTRUTURA,DIAMETRO,VEDACAO) VALUES
('PV108','AGULHA',2,'BB');
INSERT INTO VALVULAS(TAG_INST,ESTRUTURA,DIAMETRO,VEDACAO) VALUES
('PV109','GLOBO',2,'MM');
INSERT INTO VALVULAS(TAG_INST,ESTRUTURA,DIAMETRO,VEDACAO) VALUES
('PV110','GLOBO',5,'BM');
INSERT INTO VALVULAS(TAG_INST,ESTRUTURA,DIAMETRO,VEDACAO) VALUES
('FV101','BORBOLETA',4,'BB');
INSERT INTO VALVULAS(TAG_INST,ESTRUTURA,DIAMETRO,VEDACAO) VALUES
('FV102','ESFERICA',22,'MM');
INSERT INTO VALVULAS(TAG_INST,ESTRUTURA,DIAMETRO,VEDACAO) VALUES
('FV103','AGULHA',18,'BM');
INSERT INTO VALVULAS(TAG_INST,ESTRUTURA,DIAMETRO,VEDACAO) VALUES
('FV104','BORBOLETA',16,'BB');
INSERT INTO VALVULAS(TAG_INST,ESTRUTURA,DIAMETRO,VEDACAO) VALUES
('FV105','AGULHA',20,'MM');
INSERT INTO VALVULAS(TAG_INST,ESTRUTURA,DIAMETRO,VEDACAO) VALUES
('FV106','ESFERICA',22,'BM');
INSERT INTO VALVULAS(TAG_INST,ESTRUTURA,DIAMETRO,VEDACAO) VALUES
('FV107','ESFERICA',2,'BB');
INSERT INTO VALVULAS(TAG_INST,ESTRUTURA,DIAMETRO,VEDACAO) VALUES
('FV108','AGULHA',3,'MM');
INSERT INTO VALVULAS(TAG_INST,ESTRUTURA,DIAMETRO,VEDACAO) VALUES
('FV109','BORBOLETA',4,'BM');
INSERT INTO VALVULAS(TAG_INST,ESTRUTURA,DIAMETRO,VEDACAO) VALUES
('FV110','GLOBO',4,'BB');
--ATUADORES
INSERT INTO ATUADORES(TAG_INST,TIPO,DIAMETRO,EIXO,TAG_V) VALUES
('ACT101','CREMALHEIRA',22,'ROTATIVO','PV101');
INSERT INTO ATUADORES(TAG_INST,TIPO,DIAMETRO,EIXO,TAG_V) VALUES
('ACT102','PISTAO',24,'LINEAR','PV102');
INSERT INTO ATUADORES(TAG_INST,TIPO,DIAMETRO,EIXO,TAG_V) VALUES
('ACT103','DIFUSO',24,'ROTATIVO','PV103');
INSERT INTO ATUADORES(TAG_INST,TIPO,DIAMETRO,EIXO,TAG_V) VALUES
('ACT104','CREMALHEIRA',2,'LINEAR','FV101');
INSERT INTO ATUADORES(TAG_INST,TIPO,DIAMETRO,EIXO,TAG_V) VALUES
('ACT105','PISTAO',3,'ROTATIVO','FV102');
INSERT INTO ATUADORES(TAG_INST,TIPO,DIAMETRO,EIXO,TAG_V) VALUES
('ACT106','DIFUSO',4,'LINEAR','FV103');
INSERT INTO ATUADORES(TAG_INST,TIPO,DIAMETRO,EIXO,TAG_V) VALUES
('ACT107','CREMALHEIRA',5,'ROTATIVO','FV104');
INSERT INTO ATUADORES(TAG_INST,TIPO,DIAMETRO,EIXO,TAG_V) VALUES
('ACT108','PISTAO',22,'LINEAR','FV105');
INSERT INTO ATUADORES(TAG_INST,TIPO,DIAMETRO,EIXO,TAG_V) VALUES
('ACT109','DIFUSO',16,'ROTATIVO','FV106');
INSERT INTO ATUADORES(TAG_INST,TIPO,DIAMETRO,EIXO,TAG_V) VALUES
('ACT110','CREMALHEIRA',18,'LINEAR','PV110');
--POSICIONADORES
INSERT INTO POSICIONADORES (TAG_INST,ACIONAMENTO,TEMPO_RESP,FUNC_DIAG,TAG_A)
VALUES ('POS101','ELETRICO',5,'SIM','ACT101');
INSERT INTO POSICIONADORES (TAG_INST,ACIONAMENTO,TEMPO_RESP,FUNC_DIAG,TAG_A)
VALUES ('POS102','PNEUMATICO',2,'SIM','ACT102');
INSERT INTO POSICIONADORES (TAG_INST,ACIONAMENTO,TEMPO_RESP,FUNC_DIAG,TAG_A)
VALUES ('POS103','HIDRAULICO',5,'NAO','ACT103');
INSERT INTO POSICIONADORES (TAG_INST,ACIONAMENTO,TEMPO_RESP,FUNC_DIAG,TAG_A)
VALUES ('POS104','PNEUMATICO',2,'SIM','ACT104');
INSERT INTO POSICIONADORES (TAG_INST,ACIONAMENTO,TEMPO_RESP,FUNC_DIAG,TAG_A)
VALUES ('POS105','ELETRICO',3,'SIM','ACT105